transaction_date,transaction_id,employee__username,amount,currency,description,merchant,uploaded_at,is_flagged,risk_score,flag_reason,source,amount_log,is_high_amount,transactions_last_7_days,transactions_last_30_days,avg_amount_employee,std_amount_employee,type_expense,type_refund,type_sale,merchant_len,days_since_last_txn,target_risk_score,target_flagged
2025-01-02,TXN-00048,Neema,3987.0,KES,Simulated expense transaction,Merchant-1,2026-02-09 16:13:50.238701+00:00,False,0,,manual,8.291045131081729,1,1.0,1.0,2276.1901408450703,1370.7589799768311,1,0,0,10,0.0,0,0
2025-01-03,TXN-00067,Neema,2600.0,KES,Simulated expense transaction,Merchant-20,2026-02-09 16:13:50.321775+00:00,False,0,,manual,7.8636512654486515,1,2.0,2.0,2276.1901408450703,1370.7589799768311,1,0,0,11,1.0,0,0
2025-01-03,TXN-00046,Neema,2238.0,KES,Simulated expense transaction,Merchant-18,2026-02-09 16:13:50.229904+00:00,False,0,,manual,7.713784616598755,1,3.0,3.0,2276.1901408450703,1370.7589799768311,1,0,0,11,0.0,0,0
2025-01-03,TXN-00036,Neema,2068.0,KES,Simulated expense transaction,Merchant-1,2026-02-09 16:13:50.194546+00:00,False,0,,manual,7.634820677745543,1,4.0,4.0,2276.1901408450703,1370.7589799768311,1,0,0,10,0.0,0,0
2025-01-07,TXN-00058,Neema,909.0,KES,Simulated expense transaction,Merchant-12,2026-02-09 16:13:50.289129+00:00,False,0,,manual,6.813444599510896,0,5.0,5.0,2276.1901408450703,1370.7589799768311,1,0,0,11,4.0,0,0
2025-01-09,TXN-00027,Neema,3378.0,KES,Simulated sale transaction,Merchant-11,2026-02-09 16:13:50.151118+00:00,False,0,,manual,8.12533508671429,1,5.0,6.0,2276.1901408450703,1370.7589799768311,0,0,1,11,2.0,0,0
2025-01-12,TXN-00031,Neema,4757.0,KES,Simulated expense transaction,Merchant-10,2026-02-09 16:13:50.170955+00:00,False,0,,manual,8.467582690862903,1,3.0,7.0,2276.1901408450703,1370.7589799768311,1,0,0,11,3.0,0,0
2025-01-13,TXN-00040,Neema,222.0,KES,Simulated expense transaction,Merchant-6,2026-02-09 16:13:50.207748+00:00,False,0,,manual,5.407171771460119,0,4.0,8.0,2276.1901408450703,1370.7589799768311,1,0,0,10,1.0,0,0
2025-01-14,TXN-00039,Neema,4168.0,KES,Simulated expense transaction,Merchant-11,2026-02-09 16:13:50.204696+00:00,False,0,,manual,8.335431477880796,1,4.0,9.0,2276.1901408450703,1370.7589799768311,1,0,0,11,1.0,0,0
2025-01-15,TXN-00028,Neema,2243.0,KES,Simulated refund transaction,Merchant-19,2026-02-09 16:13:50.156897+00:00,False,0,,manual,7.716015266642587,1,5.0,10.0,2276.1901408450703,1370.7589799768311,0,1,0,11,1.0,0,0
2025-01-15,TXN-101,Neema,1200.0,KES,Office stationery purchase,Naivas,2026-02-08 15:24:07.806481+00:00,False,0,,csv,7.0909098220799835,0,6.0,11.0,2276.1901408450703,1370.7589799768311,1,0,0,6,0.0,0,0
2025-01-15,TXN-001,Neema,1200.5,KES,Office stationery purchase,,2026-02-08 13:55:02.485064+00:00,False,0,,csv,7.091326055176523,0,7.0,12.0,2276.1901408450703,1370.7589799768311,1,0,0,0,0.0,0,0
2025-01-16,TXN-00069,Neema,3189.0,KES,Simulated sale transaction,Merchant-13,2026-02-09 16:13:50.329174+00:00,False,0,,manual,8.06777619577889,1,7.0,13.0,2276.1901408450703,1370.7589799768311,0,0,1,11,1.0,0,0
2025-01-16,TXN-102,Neema,3000.0,KES,Product sale,Customer A,2026-02-08 15:24:07.860464+00:00,False,0,,csv,8.006700845440367,1,8.0,14.0,2276.1901408450703,1370.7589799768311,0,0,1,10,0.0,0,0
2025-01-16,TXN-002,Neema,3000.0,KES,Product sale,,2026-02-08 13:55:02.554735+00:00,False,0,,csv,8.006700845440367,1,9.0,15.0,2276.1901408450703,1370.7589799768311,0,0,1,0,0.0,0,0
2025-01-17,TXN-00030,Neema,2290.0,KES,Simulated refund transaction,Merchant-11,2026-02-09 16:13:50.166630+00:00,False,0,,manual,7.736743682453495,1,10.0,16.0,2276.1901408450703,1370.7589799768311,0,1,0,11,1.0,0,0
2025-01-17,TXN-103,Neema,500.0,KES,Customer refund,Customer B,2026-02-08 15:24:07.863716+00:00,False,0,,csv,6.2166061010848646,0,11.0,17.0,2276.1901408450703,1370.7589799768311,0,1,0,10,0.0,0,0
2025-01-17,TXN-003,Neema,500.0,,Customer refund,,2026-02-08 13:55:02.558943+00:00,False,0,,csv,6.2166061010848646,0,12.0,18.0,2276.1901408450703,1370.7589799768311,0,1,0,0,0.0,0,0
2025-01-18,TXN-104,Neema,2500.0,KES,Laptop purchase,Tech World,2026-02-08 15:24:07.866612+00:00,False,0,,csv,7.824445930877619,1,13.0,19.0,2276.1901408450703,1370.7589799768311,1,0,0,10,1.0,0,0
2025-01-19,TXN-00045,Neema,2347.0,KES,Simulated expense transaction,Merchant-20,2026-02-09 16:13:50.226465+00:00,False,0,,manual,7.761319180947987,1,13.0,20.0,2276.1901408450703,1370.7589799768311,1,0,0,11,1.0,0,0
2025-01-19,TXN-00041,Neema,548.0,KES,Simulated sale transaction,Merchant-8,2026-02-09 16:13:50.210990+00:00,False,0,,manual,6.3080984415095305,0,14.0,21.0,2276.1901408450703,1370.7589799768311,0,0,1,10,0.0,0,0
2025-01-19,TXN-105,Neema,800.0,KES,Coffee supplies,Cafe Express,2026-02-08 15:24:07.868849+00:00,False,0,,csv,6.68586094706836,0,15.0,22.0,2276.1901408450703,1370.7589799768311,1,0,0,12,0.0,0,0
2025-01-20,TXN-00063,Neema,3765.0,KES,Simulated refund transaction,Merchant-16,2026-02-09 16:13:50.308656+00:00,False,0,,manual,8.233768709217097,1,15.0,23.0,2276.1901408450703,1370.7589799768311,0,1,0,11,1.0,0,0
2025-01-20,TXN-00057,Neema,3488.0,KES,Simulated expense transaction,Merchant-9,2026-02-09 16:13:50.284734+00:00,False,0,,manual,8.157370441186774,1,16.0,24.0,2276.1901408450703,1370.7589799768311,1,0,0,10,0.0,0,0
2025-01-20,TXN-106,Neema,1500.0,KES,Service income,Customer C,2026-02-08 15:24:07.872845+00:00,False,0,,csv,7.313886831633462,0,17.0,25.0,2276.1901408450703,1370.7589799768311,0,0,1,10,0.0,0,0
2025-01-21,TXN-107,Neema,200.0,KES,Partial refund,Customer D,2026-02-08 15:24:07.875851+00:00,False,0,,csv,5.303304908059076,0,17.0,26.0,2276.1901408450703,1370.7589799768311,0,1,0,10,1.0,0,0
2025-01-22,TXN-00052,Neema,4940.0,KES,Simulated sale transaction,Merchant-3,2026-02-09 16:13:50.257205+00:00,False,0,,manual,8.50532301884575,1,15.0,27.0,2276.1901408450703,1370.7589799768311,0,0,1,10,1.0,0,0
2025-01-22,TXN-108,Neema,4000.0,KES,Product sale,Customer E,2026-02-08 15:24:07.878518+00:00,False,0,,csv,8.294299608857235,1,16.0,28.0,2276.1901408450703,1370.7589799768311,0,0,1,10,0.0,0,0
2025-01-23,TXN-00053,Neema,878.0,KES,Simulated sale transaction,Merchant-3,2026-02-09 16:13:50.260639+00:00,False,0,,manual,6.778784897685177,0,14.0,29.0,2276.1901408450703,1370.7589799768311,0,0,1,10,1.0,0,0
2025-01-23,TXN-00043,Neema,2383.0,KES,Simulated refund transaction,Merchant-5,2026-02-09 16:13:50.218640+00:00,False,0,,manual,7.776535028185241,1,15.0,30.0,2276.1901408450703,1370.7589799768311,0,1,0,10,0.0,0,0
2025-01-23,TXN-00032,Neema,3811.0,KES,Simulated expense transaction,Merchant-3,2026-02-09 16:13:50.176524+00:00,False,0,,manual,8.245909264774093,1,16.0,31.0,2276.1901408450703,1370.7589799768311,1,0,0,10,0.0,0,0
2025-01-23,TXN-109,Neema,700.0,KES,Printer ink,Office Depot,2026-02-08 15:24:07.882175+00:00,False,0,,csv,6.55250788703459,0,17.0,32.0,2276.1901408450703,1370.7589799768311,1,0,0,12,0.0,0,0
2025-01-24,TXN-00050,Neema,1910.0,KES,Simulated expense transaction,Merchant-19,2026-02-09 16:13:50.248651+00:00,False,0,,manual,7.555381944240273,0,15.0,33.0,2276.1901408450703,1370.7589799768311,1,0,0,11,1.0,0,0
2025-01-24,TXN-110,Neema,350.0,KES,Snacks for team,Local Shop,2026-02-08 15:24:07.885783+00:00,False,0,,csv,5.860786223465865,0,16.0,34.0,2276.1901408450703,1370.7589799768311,1,0,0,10,0.0,0,0
2025-01-25,TXN-00026,Neema,4539.0,KES,Simulated expense transaction,Merchant-15,2026-02-09 16:13:50.145893+00:00,False,0,,manual,8.420682291035394,1,16.0,35.0,2276.1901408450703,1370.7589799768311,1,0,0,11,1.0,0,0
2025-01-26,TXN-00061,Neema,2251.0,KES,Simulated sale transaction,Merchant-19,2026-02-09 16:13:50.300806+00:00,False,0,,manual,7.719573989259581,1,14.0,36.0,2276.1901408450703,1370.7589799768311,0,0,1,11,1.0,0,0
2025-01-26,TXN-00033,Neema,2816.0,KES,Simulated expense transaction,Merchant-7,2026-02-09 16:13:50.180213+00:00,False,0,,manual,7.943427767876373,1,15.0,37.0,2276.1901408450703,1370.7589799768311,1,0,0,10,0.0,0,0
2025-01-27,TXN-00070,Neema,289.0,KES,Simulated refund transaction,Merchant-9,2026-02-09 16:13:50.332246+00:00,False,0,,manual,5.66988092298052,0,13.0,38.0,2276.1901408450703,1370.7589799768311,0,1,0,10,1.0,0,0
2025-01-28,TXN-00065,Neema,1986.0,KES,Simulated refund transaction,Merchant-10,2026-02-09 16:13:50.315052+00:00,False,0,,manual,7.594381242551817,0,13.0,39.0,2276.1901408450703,1370.7589799768311,0,1,0,11,1.0,0,0
2025-01-28,TXN-00029,Neema,2370.0,KES,Simulated refund transaction,Merchant-17,2026-02-09 16:13:50.162735+00:00,False,0,,manual,7.771067086065406,1,14.0,40.0,2276.1901408450703,1370.7589799768311,0,1,0,11,0.0,0,0
2025-02-01,TXN-111,Neema,1200.0,KES,Office stationery,Naivas,2026-02-08 16:20:08.240190+00:00,False,0,,manual,7.0909098220799835,0,6.0,40.0,2276.1901408450703,1370.7589799768311,1,0,0,6,4.0,0,0
2025-02-03,TXN-00035,Neema,3799.0,KES,Simulated expense transaction,Merchant-11,2026-02-09 16:13:50.188762+00:00,False,0,,manual,8.242756345714477,1,4.0,38.0,2276.1901408450703,1370.7589799768311,1,0,0,11,2.0,0,0
2025-02-03,TXN-00022,Neema,3180.0,KES,Simulated expense transaction,Merchant-12,2026-02-09 16:13:50.078237+00:00,False,0,,manual,8.064950891749143,1,5.0,39.0,2276.1901408450703,1370.7589799768311,1,0,0,11,0.0,0,0
2025-02-04,TXN-00051,Neema,306.0,KES,Simulated sale transaction,Merchant-1,2026-02-09 16:13:50.252530+00:00,False,0,,manual,5.726847747587197,0,4.0,40.0,2276.1901408450703,1370.7589799768311,0,0,1,10,1.0,0,0
2025-02-05,TXN-00054,Neema,2384.0,KES,Simulated expense transaction,Merchant-1,2026-02-09 16:13:50.264528+00:00,False,0,,manual,7.776954403322442,1,5.0,41.0,2276.1901408450703,1370.7589799768311,1,0,0,10,1.0,0,0
2025-02-08,TXN-00064,Neema,1767.0,KES,Simulated refund transaction,Merchant-1,2026-02-09 16:13:50.312132+00:00,False,0,,manual,7.477604243197589,0,5.0,40.0,2276.1901408450703,1370.7589799768311,0,1,0,10,3.0,0,0
2025-02-11,TXN-00049,Neema,4033.0,KES,Simulated expense transaction,Merchant-16,2026-02-09 16:13:50.243299+00:00,False,0,,manual,8.302513718514158,1,3.0,40.0,2276.1901408450703,1370.7589799768311,1,0,0,11,3.0,0,0
2025-02-11,TXN-00023,Neema,2070.0,KES,Simulated refund transaction,Merchant-4,2026-02-09 16:13:50.132648+00:00,False,0,,manual,7.635786861395585,1,4.0,41.0,2276.1901408450703,1370.7589799768311,0,1,0,10,0.0,0,0
2025-02-12,TXN-00047,Neema,357.0,KES,Simulated sale transaction,Merchant-4,2026-02-09 16:13:50.234057+00:00,False,0,,manual,5.8805329864007,0,4.0,41.0,2276.1901408450703,1370.7589799768311,0,0,1,10,1.0,0,0
2025-02-13,TXN-00062,Neema,3337.0,KES,Simulated expense transaction,Merchant-12,2026-02-09 16:13:50.304502+00:00,False,0,,manual,8.11312710422178,1,5.0,41.0,2276.1901408450703,1370.7589799768311,1,0,0,11,1.0,0,0
2025-02-13,TXN-00034,Neema,3979.0,KES,Simulated expense transaction,Merchant-6,2026-02-09 16:13:50.184560+00:00,False,0,,manual,8.289037098278483,1,6.0,42.0,2276.1901408450703,1370.7589799768311,1,0,0,10,0.0,0,0
2025-02-14,TXN-00056,Neema,1132.0,KES,Simulated expense transaction,Merchant-9,2026-02-09 16:13:50.281525+00:00,False,0,,manual,7.0326242610280065,0,7.0,40.0,2276.1901408450703,1370.7589799768311,1,0,0,10,1.0,0,0
2025-02-16,TXN-00038,Neema,101.0,KES,Simulated refund transaction,Merchant-5,2026-02-09 16:13:50.201526+00:00,False,0,,manual,4.624972813284271,0,7.0,35.0,2276.1901408450703,1370.7589799768311,0,1,0,10,2.0,0,0
2025-02-17,TXN-00066,Neema,116.0,KES,Simulated refund transaction,Merchant-10,2026-02-09 16:13:50.317955+00:00,False,0,,manual,4.762173934797756,0,8.0,35.0,2276.1901408450703,1370.7589799768311,0,1,0,11,1.0,0,0
2025-02-17,TXN-00044,Neema,4897.0,KES,Simulated expense transaction,Merchant-8,2026-02-09 16:13:50.222258+00:00,False,0,,manual,8.496582237512113,1,9.0,36.0,2276.1901408450703,1370.7589799768311,1,0,0,10,0.0,0,0
2025-02-18,TXN-00068,Neema,2303.0,KES,Simulated refund transaction,Merchant-20,2026-02-09 16:13:50.325864+00:00,False,0,,manual,7.742402021815782,1,8.0,34.0,2276.1901408450703,1370.7589799768311,0,1,0,11,1.0,0,0
2025-02-18,TXN-301,Neema,2500.0,KES,Team lunch,Hotel XYZ,2026-02-08 20:06:18.988646+00:00,True,70,Duplicate transaction_id 'TXN-301' detected; Transaction amount 2500.0 exceeds threshold 2000,manual,7.824445930877619,1,9.0,35.0,2276.1901408450703,1370.7589799768311,1,0,0,9,0.0,70,1
2025-02-19,TXN-00060,Neema,3032.0,KES,Simulated sale transaction,Merchant-5,2026-02-09 16:13:50.297655+00:00,False,0,,manual,8.017307507688582,1,9.0,33.0,2276.1901408450703,1370.7589799768311,0,0,1,10,1.0,0,0
2025-02-21,TXN-00042,Neema,4588.0,KES,Simulated refund transaction,Merchant-6,2026-02-09 16:13:50.213870+00:00,False,0,,manual,8.431417414394833,1,7.0,31.0,2276.1901408450703,1370.7589799768311,0,1,0,10,2.0,0,0
2025-02-21,TXN-00024,Neema,2104.0,KES,Simulated sale transaction,Merchant-2,2026-02-09 16:13:50.136631+00:00,False,0,,manual,7.652070746116482,1,8.0,32.0,2276.1901408450703,1370.7589799768311,0,0,1,10,0.0,0,0
2025-02-22,TXN-00059,Neema,1749.0,KES,Simulated refund transaction,Merchant-19,2026-02-09 16:13:50.293914+00:00,False,0,,manual,7.4673710669175595,0,9.0,29.0,2276.1901408450703,1370.7589799768311,0,1,0,11,1.0,0,0
2025-02-22,TXN-00055,Neema,1866.0,KES,Simulated refund transaction,Merchant-17,2026-02-09 16:13:50.268521+00:00,False,0,,manual,7.532088143541722,0,10.0,30.0,2276.1901408450703,1370.7589799768311,0,1,0,11,0.0,0,0
2025-02-23,TXN-00025,Neema,3106.0,KES,Simulated sale transaction,Merchant-8,2026-02-09 16:13:50.141710+00:00,False,0,,manual,8.041412909393047,1,10.0,29.0,2276.1901408450703,1370.7589799768311,0,0,1,10,1.0,0,0
2025-02-26,TXN-00071,Neema,2024.0,KES,Simulated refund transaction,Merchant-15,2026-02-09 16:13:50.335063+00:00,False,0,,manual,7.613324979540639,1,6.0,26.0,2276.1901408450703,1370.7589799768311,0,1,0,11,3.0,0,0
2025-03-02,TXN-00037,Neema,1659.0,KES,Simulated refund transaction,Merchant-16,2026-02-09 16:13:50.198114+00:00,False,0,,manual,7.414572881350589,0,2.0,25.0,2276.1901408450703,1370.7589799768311,0,1,0,11,4.0,0,0
2026-02-08,TXN-203,Neema,200.0,KES,Partial refund,Customer Y,2026-02-09 10:31:12.974227+00:00,True,60,"Duplicate transaction_id 'TXN-203' detected; Employee submitted 5 transactions on 2026-02-08, exceeding 3",csv,5.303304908059076,0,1.0,1.0,2276.1901408450703,1370.7589799768311,0,1,0,10,343.0,60,1
2026-02-08,TXN-202,Neema,5000.0,KES,Product sale,Customer X,2026-02-09 10:31:12.964963+00:00,True,90,"Duplicate transaction_id 'TXN-202' detected; Transaction amount 5000.0 exceeds threshold 2000; Employee submitted 4 transactions on 2026-02-08, exceeding 3",csv,8.517393171418904,1,2.0,2.0,2276.1901408450703,1370.7589799768311,0,0,1,10,0.0,90,1
2026-02-08,TXN-201,Neema,1500.0,KES,Office chairs,Naivas,2026-02-09 10:31:12.952170+00:00,True,60,"Duplicate transaction_id 'TXN-201' detected; Employee submitted 3 transactions on 2026-02-08, exceeding 3",csv,7.313886831633462,0,3.0,3.0,2276.1901408450703,1370.7589799768311,1,0,0,6,0.0,60,1
2026-02-08,TXN-591,Neema,2500.0,KES,Laptop purchase,Tech World,2026-02-09 10:17:14.516773+00:00,False,0,,manual,7.824445930877619,1,4.0,4.0,2276.1901408450703,1370.7589799768311,1,0,0,10,0.0,0,0
2026-02-08,TXN-501,Neema,2500.0,KES,Laptop purchase,Tech World,2026-02-08 20:29:39.714107+00:00,False,0,,manual,7.824445930877619,1,5.0,5.0,2276.1901408450703,1370.7589799768311,1,0,0,10,0.0,0,0
2026-02-09,TXN1009,Neema,2500.0,KES,Office supplies,Naivas,2026-02-09 10:23:28.614816+00:00,True,70,Duplicate transaction_id 'TXN1009' detected; Transaction amount 2500.0 exceeds threshold 2000,manual,7.824445930877619,1,6.0,6.0,2276.1901408450703,1370.7589799768311,1,0,0,6,1.0,70,1
2025-01-01,TXN-00116,admin,1697.0,KES,Simulated refund transaction,Merchant-1,2026-02-09 16:13:50.538037+00:00,False,0,,manual,7.437206366871292,0,1.0,1.0,2698.94,1575.0667807027958,0,1,0,10,0.0,0,0
2025-01-03,TXN-00102,admin,1770.0,KES,Simulated expense transaction,Merchant-18,2026-02-09 16:13:50.477869+00:00,False,0,,manual,7.479299637782834,0,2.0,2.0,2698.94,1575.0667807027958,1,0,0,11,2.0,0,0
2025-01-03,TXN-00079,admin,557.0,KES,Simulated expense transaction,Merchant-7,2026-02-09 16:13:50.374929+00:00,False,0,,manual,6.324358962381311,0,3.0,3.0,2698.94,1575.0667807027958,1,0,0,10,0.0,0,0
2025-01-04,TXN-00080,admin,4040.0,KES,Simulated refund transaction,Merchant-8,2026-02-09 16:13:50.378337+00:00,False,0,,manual,8.304247465078474,1,4.0,4.0,2698.94,1575.0667807027958,0,1,0,10,1.0,0,0
2025-01-07,TXN-00090,admin,4658.0,KES,Simulated sale transaction,Merchant-5,2026-02-09 16:13:50.420779+00:00,False,0,,manual,8.446556111816797,1,5.0,5.0,2698.94,1575.0667807027958,0,0,1,10,3.0,0,0
2025-01-08,TXN-00099,admin,200.0,KES,Simulated sale transaction,Merchant-1,2026-02-09 16:13:50.466293+00:00,False,0,,manual,5.303304908059076,0,5.0,6.0,2698.94,1575.0667807027958,0,0,1,10,1.0,0,0
2025-01-08,TXN-00081,admin,4230.0,KES,Simulated expense transaction,Merchant-20,2026-02-09 16:13:50.381635+00:00,False,0,,manual,8.350193650720067,1,6.0,7.0,2698.94,1575.0667807027958,1,0,0,11,0.0,0,0
2025-01-12,TXN-00117,admin,3466.0,KES,Simulated refund transaction,Merchant-6,2026-02-09 16:13:50.541898+00:00,False,0,,manual,8.151044945685024,1,4.0,8.0,2698.94,1575.0667807027958,0,1,0,10,4.0,0,0
2025-01-12,TXN-00077,admin,2917.0,KES,Simulated refund transaction,Merchant-8,2026-02-09 16:13:50.366882+00:00,False,0,,manual,7.978653729082731,1,5.0,9.0,2698.94,1575.0667807027958,0,1,0,10,0.0,0,0
2025-01-17,TXN-00072,admin,288.0,KES,Simulated sale transaction,Merchant-6,2026-02-09 16:13:50.339639+00:00,False,0,,manual,5.666426688112432,0,3.0,10.0,2698.94,1575.0667807027958,0,0,1,10,5.0,0,0
2025-01-18,TXN-00076,admin,472.0,KES,Simulated sale transaction,Merchant-1,2026-02-09 16:13:50.362175+00:00,False,0,,manual,6.159095388491933,0,4.0,11.0,2698.94,1575.0667807027958,0,0,1,10,1.0,0,0
2025-01-20,TXN-00084,admin,350.0,KES,Simulated expense transaction,Merchant-10,2026-02-09 16:13:50.392239+00:00,False,0,,manual,5.860786223465865,0,3.0,12.0,2698.94,1575.0667807027958,1,0,0,11,2.0,0,0
2025-01-21,TXN-00119,admin,4478.0,KES,Simulated sale transaction,Merchant-18,2026-02-09 16:13:50.549858+00:00,False,0,,manual,8.4071550862073,1,4.0,13.0,2698.94,1575.0667807027958,0,0,1,11,1.0,0,0
2025-01-21,TXN-00097,admin,2840.0,KES,Simulated sale transaction,Merchant-20,2026-02-09 16:13:50.453862+00:00,False,0,,manual,7.951911381854188,1,5.0,14.0,2698.94,1575.0667807027958,0,0,1,11,0.0,0,0
2025-01-23,TXN-00093,admin,4763.0,KES,Simulated expense transaction,Merchant-1,2026-02-09 16:13:50.436936+00:00,False,0,,manual,8.46884293047519,1,6.0,15.0,2698.94,1575.0667807027958,1,0,0,10,2.0,0,0
2025-01-23,TXN-00089,admin,1966.0,KES,Simulated refund transaction,Merchant-3,2026-02-09 16:13:50.416843+00:00,False,0,,manual,7.584264818389059,0,7.0,16.0,2698.94,1575.0667807027958,0,1,0,10,0.0,0,0
2025-01-24,TXN-00106,admin,558.0,KES,Simulated refund transaction,Merchant-1,2026-02-09 16:13:50.494021+00:00,False,0,,manual,6.326149473155099,0,7.0,17.0,2698.94,1575.0667807027958,0,1,0,10,1.0,0,0
2025-01-24,TXN-00100,admin,4454.0,KES,Simulated expense transaction,Merchant-9,2026-02-09 16:13:50.470347+00:00,False,0,,manual,8.40178233990491,1,8.0,18.0,2698.94,1575.0667807027958,1,0,0,10,0.0,0,0
2025-01-25,TXN-00085,admin,2140.0,KES,Simulated expense transaction,Merchant-1,2026-02-09 16:13:50.399884+00:00,False,0,,manual,7.669028288589683,1,8.0,19.0,2698.94,1575.0667807027958,1,0,0,10,1.0,0,0
2025-01-26,TXN-00113,admin,4885.0,KES,Simulated refund transaction,Merchant-8,2026-02-09 16:13:50.526249+00:00,False,0,,manual,8.494129251817686,1,9.0,20.0,2698.94,1575.0667807027958,0,1,0,10,1.0,0,0
2025-01-27,TXN-00092,admin,1194.0,KES,Simulated sale transaction,Merchant-17,2026-02-09 16:13:50.428653+00:00,False,0,,manual,7.085901464365611,0,9.0,21.0,2698.94,1575.0667807027958,0,0,1,11,1.0,0,0
2025-01-30,TXN-00114,admin,3138.0,KES,Simulated refund transaction,Merchant-19,2026-02-09 16:13:50.530199+00:00,False,0,,manual,8.051659556841953,1,6.0,22.0,2698.94,1575.0667807027958,0,1,0,11,3.0,0,0
2025-01-31,TXN-00091,admin,4290.0,KES,Simulated expense transaction,Merchant-13,2026-02-09 16:13:50.424675+00:00,False,0,,manual,8.364275084991524,1,5.0,22.0,2698.94,1575.0667807027958,1,0,0,11,1.0,0,0
2025-02-02,TXN-00088,admin,4946.0,KES,Simulated sale transaction,Merchant-5,2026-02-09 16:13:50.412831+00:00,False,0,,manual,8.506536611227709,1,4.0,21.0,2698.94,1575.0667807027958,0,0,1,10,2.0,0,0
2025-02-02,TXN-00086,admin,2960.0,KES,Simulated sale transaction,Merchant-16,2026-02-09 16:13:50.404793+00:00,False,0,,manual,7.993282328101591,1,5.0,22.0,2698.94,1575.0667807027958,0,0,1,11,0.0,0,0
2025-02-03,TXN-00110,admin,2165.0,KES,Simulated refund transaction,Merchant-17,2026-02-09 16:13:50.511778+00:00,False,0,,manual,7.680637427560936,1,5.0,22.0,2698.94,1575.0667807027958,0,1,0,11,1.0,0,0
2025-02-04,TXN-00104,admin,4529.0,KES,Simulated sale transaction,Merchant-18,2026-02-09 16:13:50.485750+00:00,False,0,,manual,8.41847721847708,1,6.0,23.0,2698.94,1575.0667807027958,0,0,1,11,1.0,0,0
2025-02-05,TXN-00101,admin,4938.0,KES,Simulated sale transaction,Merchant-2,2026-02-09 16:13:50.474041+00:00,False,0,,manual,8.504918160540624,1,7.0,24.0,2698.94,1575.0667807027958,0,0,1,10,1.0,0,0
2025-02-07,TXN-00111,admin,1057.0,KES,Simulated expense transaction,Merchant-18,2026-02-09 16:13:50.517403+00:00,False,0,,manual,6.964135612418245,0,6.0,22.0,2698.94,1575.0667807027958,1,0,0,11,2.0,0,0
2025-02-07,TXN-00095,admin,4823.0,KES,Simulated expense transaction,Merchant-3,2026-02-09 16:13:50.444964+00:00,False,0,,manual,8.481358738407021,1,7.0,23.0,2698.94,1575.0667807027958,1,0,0,10,0.0,0,0
2025-02-08,TXN-00108,admin,4333.0,KES,Simulated refund transaction,Merchant-7,2026-02-09 16:13:50.503695+00:00,False,0,,manual,8.374246182096304,1,8.0,24.0,2698.94,1575.0667807027958,0,1,0,10,1.0,0,0
2025-02-08,TXN-00103,admin,3201.0,KES,Simulated sale transaction,Merchant-12,2026-02-09 16:13:50.481775+00:00,False,0,,manual,8.07153089355666,1,9.0,25.0,2698.94,1575.0667807027958,0,0,1,11,0.0,0,0
2025-02-08,TXN-00096,admin,1232.0,KES,Simulated expense transaction,Merchant-1,2026-02-09 16:13:50.449016+00:00,False,0,,manual,7.117205503164344,0,10.0,26.0,2698.94,1575.0667807027958,1,0,0,10,0.0,0,0
2025-02-08,TXN-00087,admin,2251.0,KES,Simulated refund transaction,Merchant-2,2026-02-09 16:13:50.408975+00:00,False,0,,manual,7.719573989259581,1,11.0,27.0,2698.94,1575.0667807027958,0,1,0,10,0.0,0,0
2025-02-09,TXN-00112,admin,635.0,KES,Simulated sale transaction,Merchant-19,2026-02-09 16:13:50.521289+00:00,False,0,,manual,6.455198563340122,0,10.0,28.0,2698.94,1575.0667807027958,0,0,1,11,1.0,0,0
2025-02-10,TXN-00115,admin,402.0,KES,Simulated sale transaction,Merchant-16,2026-02-09 16:13:50.534143+00:00,False,0,,manual,5.998936561946683,0,10.0,29.0,2698.94,1575.0667807027958,0,0,1,11,1.0,0,0
2025-02-10,TXN-00075,admin,3072.0,KES,Simulated expense transaction,Merchant-3,2026-02-09 16:13:50.358688+00:00,False,0,,manual,8.030409562130485,1,11.0,30.0,2698.94,1575.0667807027958,1,0,0,10,0.0,0,0
2025-02-13,TXN-00120,admin,1666.0,KES,Simulated refund transaction,Merchant-11,2026-02-09 16:13:50.553389+00:00,False,0,,manual,7.418780882750794,0,10.0,29.0,2698.94,1575.0667807027958,0,1,0,11,3.0,0,0
2025-02-14,TXN-00109,admin,1621.0,KES,Simulated expense transaction,Merchant-17,2026-02-09 16:13:50.507821+00:00,False,0,,manual,7.3914152346753585,0,9.0,30.0,2698.94,1575.0667807027958,1,0,0,11,1.0,0,0
2025-02-14,TXN-00098,admin,436.0,KES,Simulated expense transaction,Merchant-12,2026-02-09 16:13:50.458311+00:00,False,0,,manual,6.07993319509559,0,10.0,31.0,2698.94,1575.0667807027958,1,0,0,11,0.0,0,0
2025-02-14,TXN-00083,admin,3507.0,KES,Simulated expense transaction,Merchant-20,2026-02-09 16:13:50.388744+00:00,False,0,,manual,8.162801353492073,1,11.0,32.0,2698.94,1575.0667807027958,1,0,0,11,0.0,0,0
2025-02-15,TXN-00118,admin,1884.0,KES,Simulated expense transaction,Merchant-9,2026-02-09 16:13:50.545800+00:00,False,0,,manual,7.541683099882111,0,8.0,33.0,2698.94,1575.0667807027958,1,0,0,10,1.0,0,0
2025-02-16,TXN-00105,admin,4366.0,KES,Simulated refund transaction,Merchant-13,2026-02-09 16:13:50.489740+00:00,False,0,,manual,8.381831553485561,1,8.0,33.0,2698.94,1575.0667807027958,0,1,0,11,1.0,0,0
2025-02-17,TXN-00073,admin,4784.0,KES,Simulated refund transaction,Merchant-1,2026-02-09 16:13:50.348577+00:00,False,0,,manual,8.473241303887054,1,7.0,33.0,2698.94,1575.0667807027958,0,1,0,10,1.0,0,0
2025-02-19,TXN-00082,admin,2132.0,KES,Simulated expense transaction,Merchant-5,2026-02-09 16:13:50.384844+00:00,False,0,,manual,7.665284718471351,1,8.0,33.0,2698.94,1575.0667807027958,1,0,0,10,2.0,0,0
2025-02-20,TXN-00107,admin,2892.0,KES,Simulated sale transaction,Merchant-14,2026-02-09 16:13:50.498545+00:00,False,0,,manual,7.970049304976135,1,8.0,32.0,2698.94,1575.0667807027958,0,0,1,11,1.0,0,0
2025-02-21,TXN-00094,admin,889.0,KES,Simulated refund transaction,Merchant-13,2026-02-09 16:13:50.441006+00:00,False,0,,manual,6.7912214627261855,0,6.0,33.0,2698.94,1575.0667807027958,0,1,0,11,1.0,0,0
2025-02-21,TXN-00074,admin,3223.0,KES,Simulated sale transaction,Merchant-8,2026-02-09 16:13:50.353247+00:00,False,0,,manual,8.07837810362652,1,7.0,34.0,2698.94,1575.0667807027958,0,0,1,10,0.0,0,0
2025-02-26,TXN-00078,admin,3648.0,KES,Simulated sale transaction,Merchant-19,2026-02-09 16:13:50.371047+00:00,False,0,,manual,8.202208436436448,1,4.0,28.0,2698.94,1575.0667807027958,0,0,1,11,5.0,0,0
2025-02-28,TXN-00121,admin,4004.0,KES,Simulated sale transaction,Merchant-16,2026-02-09 16:13:50.556706+00:00,False,0,,manual,8.29529885950246,1,2.0,29.0,2698.94,1575.0667807027958,0,0,1,11,2.0,0,0
2025-01-02,TXN-00316,alice,1805.0,KES,Simulated sale transaction,Merchant-17,2026-02-09 16:13:51.297748+00:00,False,0,,manual,7.498869733976931,0,1.0,1.0,2704.38,1398.5123858834384,0,0,1,11,0.0,0,0
2025-01-04,TXN-00304,alice,3125.0,KES,Simulated expense transaction,Merchant-17,2026-02-09 16:13:51.242182+00:00,False,0,,manual,8.047509510981422,1,2.0,2.0,2704.38,1398.5123858834384,1,0,0,11,2.0,0,0
2025-01-05,TXN-00319,alice,922.0,KES,Simulated refund transaction,Merchant-18,2026-02-09 16:13:51.310529+00:00,False,0,,manual,6.827629234502852,0,3.0,3.0,2704.38,1398.5123858834384,0,1,0,11,1.0,0,0
2025-01-05,TXN-00309,alice,4337.0,KES,Simulated refund transaction,Merchant-4,2026-02-09 16:13:51.266899+00:00,False,0,,manual,8.37516869138682,1,4.0,4.0,2704.38,1398.5123858834384,0,1,0,10,0.0,0,0
2025-01-08,TXN-00313,alice,453.0,KES,Simulated expense transaction,Merchant-17,2026-02-09 16:13:51.284267+00:00,False,0,,manual,6.118097198041348,0,5.0,5.0,2704.38,1398.5123858834384,1,0,0,11,3.0,0,0
2025-01-08,TXN-00294,alice,2760.0,KES,Simulated expense transaction,Merchant-17,2026-02-09 16:13:51.200405+00:00,False,0,,manual,7.923348211930154,1,6.0,6.0,2704.38,1398.5123858834384,1,0,0,11,0.0,0,0
2025-01-08,TXN-00278,alice,762.0,KES,Simulated refund transaction,Merchant-9,2026-02-09 16:13:51.147663+00:00,False,0,,manual,6.637258031284457,0,7.0,7.0,2704.38,1398.5123858834384,0,1,0,10,0.0,0,0
2025-01-11,TXN-00308,alice,4417.0,KES,Simulated refund transaction,Merchant-6,2026-02-09 16:13:51.262362+00:00,False,0,,manual,8.393442383980062,1,6.0,8.0,2704.38,1398.5123858834384,0,1,0,10,3.0,0,0
2025-01-13,TXN-00282,alice,4011.0,KES,Simulated expense transaction,Merchant-8,2026-02-09 16:13:51.161368+00:00,False,0,,manual,8.297045149081827,1,5.0,9.0,2704.38,1398.5123858834384,1,0,0,10,2.0,0,0
2025-01-14,TXN-00311,alice,3538.0,KES,Simulated expense transaction,Merchant-7,2026-02-09 16:13:51.275677+00:00,False,0,,manual,8.171599480345463,1,6.0,10.0,2704.38,1398.5123858834384,1,0,0,10,1.0,0,0
2025-01-14,TXN-00306,alice,483.0,KES,Simulated expense transaction,Merchant-5,2026-02-09 16:13:51.249985+00:00,False,0,,manual,6.182084906716632,0,7.0,11.0,2704.38,1398.5123858834384,1,0,0,10,0.0,0,0
2025-01-16,TXN-00298,alice,2547.0,KES,Simulated refund transaction,Merchant-16,2026-02-09 16:13:51.215008+00:00,False,0,,manual,7.843064016692054,1,5.0,12.0,2704.38,1398.5123858834384,0,1,0,11,2.0,0,0
2025-01-18,TXN-00286,alice,915.0,KES,Simulated refund transaction,Merchant-7,2026-02-09 16:13:51.173723+00:00,False,0,,manual,6.82001636467413,0,5.0,13.0,2704.38,1398.5123858834384,0,1,0,10,2.0,0,0
2025-01-20,TXN-00297,alice,3490.0,KES,Simulated refund transaction,Merchant-11,2026-02-09 16:13:51.211615+00:00,False,0,,manual,8.157943507105037,1,5.0,14.0,2704.38,1398.5123858834384,0,1,0,11,2.0,0,0
2025-01-20,TXN-00283,alice,1088.0,KES,Simulated sale transaction,Merchant-3,2026-02-09 16:13:51.164302+00:00,False,0,,manual,6.9930151229329605,0,6.0,15.0,2704.38,1398.5123858834384,0,0,1,10,0.0,0,0
2025-01-21,TXN-00295,alice,1447.0,KES,Simulated refund transaction,Merchant-15,2026-02-09 16:13:51.204145+00:00,False,0,,manual,7.277938572945661,0,5.0,16.0,2704.38,1398.5123858834384,0,1,0,11,1.0,0,0
2025-01-21,TXN-00291,alice,3359.0,KES,Simulated expense transaction,Merchant-5,2026-02-09 16:13:51.190247+00:00,False,0,,manual,8.11969625295725,1,6.0,17.0,2704.38,1398.5123858834384,1,0,0,10,0.0,0,0
2025-01-24,TXN-00299,alice,2934.0,KES,Simulated refund transaction,Merchant-13,2026-02-09 16:13:51.223892+00:00,False,0,,manual,7.984462732262196,1,6.0,18.0,2704.38,1398.5123858834384,0,1,0,11,3.0,0,0
2025-01-24,TXN-00280,alice,1039.0,KES,Simulated expense transaction,Merchant-6,2026-02-09 16:13:51.153965+00:00,False,0,,manual,6.946975992135418,0,7.0,19.0,2704.38,1398.5123858834384,1,0,0,10,0.0,0,0
2025-01-30,TXN-00285,alice,601.0,KES,Simulated sale transaction,Merchant-1,2026-02-09 16:13:51.170361+00:00,False,0,,manual,6.400257445308821,0,3.0,20.0,2704.38,1398.5123858834384,0,0,1,10,6.0,0,0
2025-01-30,TXN-00284,alice,4631.0,KES,Simulated sale transaction,Merchant-9,2026-02-09 16:13:51.167402+00:00,False,0,,manual,8.440744019252831,1,4.0,21.0,2704.38,1398.5123858834384,0,0,1,10,0.0,0,0
2025-02-02,TXN-00320,alice,1567.0,KES,Simulated sale transaction,Merchant-5,2026-02-09 16:13:51.314945+00:00,False,0,,manual,7.357556200910353,0,3.0,21.0,2704.38,1398.5123858834384,0,0,1,10,3.0,0,0
2025-02-03,TXN-00321,alice,562.0,KES,Simulated refund transaction,Merchant-16,2026-02-09 16:13:51.319486+00:00,False,0,,manual,6.333279628139691,0,4.0,21.0,2704.38,1398.5123858834384,0,1,0,11,1.0,0,0
2025-02-03,TXN-00302,alice,2424.0,KES,Simulated sale transaction,Merchant-12,2026-02-09 16:13:51.234803+00:00,False,0,,manual,7.793586803371584,1,5.0,22.0,2704.38,1398.5123858834384,0,0,1,11,0.0,0,0
2025-02-03,TXN-00279,alice,160.0,KES,Simulated sale transaction,Merchant-15,2026-02-09 16:13:51.150817+00:00,False,0,,manual,5.081404364984463,0,6.0,23.0,2704.38,1398.5123858834384,0,0,1,11,0.0,0,0
2025-02-04,TXN-00314,alice,4505.0,KES,Simulated sale transaction,Merchant-13,2026-02-09 16:13:51.288688+00:00,False,0,,manual,8.41316512099219,1,7.0,22.0,2704.38,1398.5123858834384,0,0,1,11,1.0,0,0
2025-02-04,TXN-00288,alice,3230.0,KES,Simulated expense transaction,Merchant-1,2026-02-09 16:13:51.180045+00:00,False,0,,manual,8.080546965824498,1,8.0,23.0,2704.38,1398.5123858834384,1,0,0,10,0.0,0,0
2025-02-09,TXN-00290,alice,4671.0,KES,Simulated refund transaction,Merchant-17,2026-02-09 16:13:51.186411+00:00,False,0,,manual,8.449342524508063,1,6.0,21.0,2704.38,1398.5123858834384,0,1,0,11,5.0,0,0
2025-02-10,TXN-00317,alice,3524.0,KES,Simulated expense transaction,Merchant-9,2026-02-09 16:13:51.302099+00:00,False,0,,manual,8.16763571524637,1,4.0,21.0,2704.38,1398.5123858834384,1,0,0,10,1.0,0,0
2025-02-10,TXN-00300,alice,3922.0,KES,Simulated expense transaction,Merchant-19,2026-02-09 16:13:51.227416+00:00,False,0,,manual,8.274611946209552,1,5.0,22.0,2704.38,1398.5123858834384,1,0,0,11,0.0,0,0
2025-02-10,TXN-00281,alice,4514.0,KES,Simulated expense transaction,Merchant-15,2026-02-09 16:13:51.158308+00:00,False,0,,manual,8.415160465851086,1,6.0,23.0,2704.38,1398.5123858834384,1,0,0,11,0.0,0,0
2025-02-12,TXN-00318,alice,4656.0,KES,Simulated sale transaction,Merchant-20,2026-02-09 16:13:51.306250+00:00,False,0,,manual,8.446126742982377,1,5.0,23.0,2704.38,1398.5123858834384,0,0,1,11,2.0,0,0
2025-02-13,TXN-00296,alice,3906.0,KES,Simulated sale transaction,Merchant-12,2026-02-09 16:13:51.207896+00:00,False,0,,manual,8.27052509505507,1,6.0,22.0,2704.38,1398.5123858834384,0,0,1,11,1.0,0,0
2025-02-14,TXN-00275,alice,3428.0,KES,Simulated expense transaction,Merchant-14,2026-02-09 16:13:51.136147+00:00,False,0,,manual,8.14002395246292,1,7.0,23.0,2704.38,1398.5123858834384,1,0,0,11,1.0,0,0
2025-02-15,TXN-00310,alice,1830.0,KES,Simulated sale transaction,Merchant-11,2026-02-09 16:13:51.271263+00:00,False,0,,manual,7.5126175446745105,0,8.0,23.0,2704.38,1398.5123858834384,0,0,1,11,1.0,0,0
2025-02-15,TXN-00277,alice,3095.0,KES,Simulated expense transaction,Merchant-3,2026-02-09 16:13:51.143201+00:00,False,0,,manual,8.037866234709618,1,9.0,24.0,2704.38,1398.5123858834384,1,0,0,10,0.0,0,0
2025-02-15,TXN-00274,alice,4449.0,KES,Simulated sale transaction,Merchant-5,2026-02-09 16:13:51.132798+00:00,False,0,,manual,8.400659375160286,1,10.0,25.0,2704.38,1398.5123858834384,0,0,1,10,0.0,0,0
2025-02-16,TXN-00272,alice,2432.0,KES,Simulated sale transaction,Merchant-17,2026-02-09 16:13:51.125965+00:00,False,0,,manual,7.796880342783522,1,10.0,26.0,2704.38,1398.5123858834384,0,0,1,11,1.0,0,0
2025-02-17,TXN-00303,alice,3261.0,KES,Simulated expense transaction,Merchant-13,2026-02-09 16:13:51.238386+00:00,False,0,,manual,8.09009578318096,1,8.0,26.0,2704.38,1398.5123858834384,1,0,0,11,1.0,0,0
2025-02-18,TXN-00307,alice,2880.0,KES,Simulated sale transaction,Merchant-7,2026-02-09 16:13:51.257902+00:00,False,0,,manual,7.9658927350845286,1,9.0,27.0,2704.38,1398.5123858834384,0,0,1,10,1.0,0,0
2025-02-18,TXN-00289,alice,935.0,KES,Simulated sale transaction,Merchant-20,2026-02-09 16:13:51.183203+00:00,False,0,,manual,6.841615476477592,0,10.0,28.0,2704.38,1398.5123858834384,0,0,1,11,0.0,0,0
2025-02-18,TXN-00276,alice,3854.0,KES,Simulated refund transaction,Merchant-7,2026-02-09 16:13:51.139884+00:00,False,0,,manual,8.25712628599743,1,11.0,29.0,2704.38,1398.5123858834384,0,1,0,10,0.0,0,0
2025-02-20,TXN-00312,alice,4046.0,KES,Simulated expense transaction,Merchant-20,2026-02-09 16:13:51.279959+00:00,False,0,,manual,8.305731144875866,1,10.0,26.0,2704.38,1398.5123858834384,1,0,0,11,2.0,0,0
2025-02-21,TXN-00305,alice,3456.0,KES,Simulated refund transaction,Merchant-8,2026-02-09 16:13:51.246027+00:00,False,0,,manual,8.148156439921625,1,10.0,27.0,2704.38,1398.5123858834384,0,1,0,10,1.0,0,0
2025-02-22,TXN-00292,alice,2895.0,KES,Simulated expense transaction,Merchant-20,2026-02-09 16:13:51.193722+00:00,False,0,,manual,7.971085753505607,1,8.0,28.0,2704.38,1398.5123858834384,1,0,0,11,1.0,0,0
2025-02-22,TXN-00287,alice,2618.0,KES,Simulated sale transaction,Merchant-19,2026-02-09 16:13:51.176869+00:00,False,0,,manual,7.870547844507712,1,9.0,29.0,2704.38,1398.5123858834384,0,0,1,11,0.0,0,0
2025-02-23,TXN-00273,alice,4487.0,KES,Simulated expense transaction,Merchant-8,2026-02-09 16:13:51.129383+00:00,False,0,,manual,8.409162447202533,1,9.0,28.0,2704.38,1398.5123858834384,1,0,0,10,1.0,0,0
2025-02-28,TXN-00315,alice,1312.0,KES,Simulated sale transaction,Merchant-18,2026-02-09 16:13:51.293181+00:00,False,0,,manual,7.180069874302796,0,4.0,29.0,2704.38,1398.5123858834384,0,0,1,11,5.0,0,0
2025-03-01,TXN-00293,alice,968.0,KES,Simulated refund transaction,Merchant-18,2026-02-09 16:13:51.196821+00:00,False,0,,manual,6.876264611890766,0,3.0,28.0,2704.38,1398.5123858834384,0,1,0,11,1.0,0,0
2025-03-02,TXN-00301,alice,2968.0,KES,Simulated expense transaction,Merchant-4,2026-02-09 16:13:51.231195+00:00,False,0,,manual,7.99598047476376,1,3.0,29.0,2704.38,1398.5123858834384,1,0,0,10,1.0,0,0
2025-01-02,TXN-00344,bob,183.0,KES,Simulated sale transaction,Merchant-10,2026-02-09 16:13:51.420391+00:00,False,0,,manual,5.214935757608986,0,1.0,1.0,2283.96,1385.3621638033715,0,0,1,11,0.0,0,0
2025-01-02,TXN-00338,bob,2921.0,KES,Simulated refund transaction,Merchant-4,2026-02-09 16:13:51.394576+00:00,False,0,,manual,7.980023592310645,1,2.0,2.0,2283.96,1385.3621638033715,0,1,0,10,0.0,0,0
2025-01-02,TXN-00324,bob,3848.0,KES,Simulated refund transaction,Merchant-5,2026-02-09 16:13:51.332391+00:00,False,0,,manual,8.255568653283746,1,3.0,3.0,2283.96,1385.3621638033715,0,1,0,10,0.0,0,0
2025-01-07,TXN-00354,bob,822.0,KES,Simulated expense transaction,Merchant-13,2026-02-09 16:13:51.463602+00:00,False,0,,manual,6.71295620067707,0,4.0,4.0,2283.96,1385.3621638033715,1,0,0,11,5.0,0,0
2025-01-07,TXN-00340,bob,3744.0,KES,Simulated refund transaction,Merchant-17,2026-02-09 16:13:51.402152+00:00,False,0,,manual,8.22817689595132,1,5.0,5.0,2283.96,1385.3621638033715,0,1,0,11,0.0,0,0
2025-01-08,TXN-00351,bob,1076.0,KES,Simulated sale transaction,Merchant-13,2026-02-09 16:13:51.450819+00:00,False,0,,manual,6.981934677156389,0,6.0,6.0,2283.96,1385.3621638033715,0,0,1,11,1.0,0,0
2025-01-09,TXN-00352,bob,990.0,KES,Simulated refund transaction,Merchant-2,2026-02-09 16:13:51.455242+00:00,False,0,,manual,6.898714534329988,0,4.0,7.0,2283.96,1385.3621638033715,0,1,0,10,1.0,0,0
2025-01-10,TXN-00370,bob,2257.0,KES,Simulated refund transaction,Merchant-8,2026-02-09 16:13:51.541996+00:00,False,0,,manual,7.722234744709607,1,5.0,8.0,2283.96,1385.3621638033715,0,1,0,10,1.0,0,0
2025-01-10,TXN-00349,bob,1134.0,KES,Simulated refund transaction,Merchant-1,2026-02-09 16:13:51.442266+00:00,False,0,,manual,7.034387929915503,0,6.0,9.0,2283.96,1385.3621638033715,0,1,0,10,0.0,0,0
2025-01-15,TXN-00326,bob,4261.0,KES,Simulated refund transaction,Merchant-8,2026-02-09 16:13:51.341516+00:00,False,0,,manual,8.357493812658563,1,4.0,10.0,2283.96,1385.3621638033715,0,1,0,10,5.0,0,0
2025-01-16,TXN-00346,bob,3818.0,KES,Simulated refund transaction,Merchant-14,2026-02-09 16:13:51.429202+00:00,False,0,,manual,8.247743887225516,1,4.0,11.0,2283.96,1385.3621638033715,0,1,0,11,1.0,0,0
2025-01-18,TXN-00366,bob,2025.0,KES,Simulated refund transaction,Merchant-7,2026-02-09 16:13:51.525348+00:00,False,0,,manual,7.613818684808629,1,3.0,12.0,2283.96,1385.3621638033715,0,1,0,10,2.0,0,0
2025-01-18,TXN-00332,bob,378.0,KES,Simulated sale transaction,Merchant-16,2026-02-09 16:13:51.370201+00:00,False,0,,manual,5.937536205082426,0,4.0,13.0,2283.96,1385.3621638033715,0,0,1,11,0.0,0,0
2025-01-21,TXN-00345,bob,1676.0,KES,Simulated sale transaction,Merchant-10,2026-02-09 16:13:51.424801+00:00,False,0,,manual,7.424761761823209,0,5.0,14.0,2283.96,1385.3621638033715,0,0,1,11,3.0,0,0
2025-01-22,TXN-00369,bob,116.0,KES,Simulated sale transaction,Merchant-1,2026-02-09 16:13:51.538182+00:00,False,0,,manual,4.762173934797756,0,5.0,15.0,2283.96,1385.3621638033715,0,0,1,10,1.0,0,0
2025-01-22,TXN-00350,bob,1917.0,KES,Simulated refund transaction,Merchant-18,2026-02-09 16:13:51.446568+00:00,False,0,,manual,7.559038255443384,0,6.0,16.0,2283.96,1385.3621638033715,0,1,0,11,0.0,0,0
2025-01-23,TXN-00371,bob,896.0,KES,Simulated refund transaction,Merchant-4,2026-02-09 16:13:51.546160+00:00,False,0,,manual,6.799055862058796,0,6.0,17.0,2283.96,1385.3621638033715,0,1,0,10,1.0,0,0
2025-01-24,TXN-00358,bob,4017.0,KES,Simulated sale transaction,Merchant-1,2026-02-09 16:13:51.480821+00:00,False,0,,manual,8.29853954537488,1,7.0,18.0,2283.96,1385.3621638033715,0,0,1,10,1.0,0,0
2025-01-24,TXN-00348,bob,2149.0,KES,Simulated sale transaction,Merchant-18,2026-02-09 16:13:51.438071+00:00,False,0,,manual,7.673223121121708,1,8.0,19.0,2283.96,1385.3621638033715,0,0,1,11,0.0,0,0
2025-01-26,TXN-00367,bob,1774.0,KES,Simulated sale transaction,Merchant-19,2026-02-09 16:13:51.529641+00:00,False,0,,manual,7.4815557019095165,0,7.0,20.0,2283.96,1385.3621638033715,0,0,1,11,2.0,0,0
2025-01-26,TXN-00355,bob,498.0,KES,Simulated refund transaction,Merchant-2,2026-02-09 16:13:51.468469+00:00,False,0,,manual,6.212606095751519,0,8.0,21.0,2283.96,1385.3621638033715,0,1,0,10,0.0,0,0
2025-01-27,TXN-00325,bob,1019.0,KES,Simulated sale transaction,Merchant-1,2026-02-09 16:13:51.336346+00:00,False,0,,manual,6.927557906278317,0,9.0,22.0,2283.96,1385.3621638033715,0,0,1,10,1.0,0,0
2025-01-30,TXN-00337,bob,3625.0,KES,Simulated sale transaction,Merchant-5,2026-02-09 16:13:51.390794+00:00,False,0,,manual,8.195885391314796,1,6.0,23.0,2283.96,1385.3621638033715,0,0,1,10,3.0,0,0
2025-01-30,TXN-00336,bob,1717.0,KES,Simulated expense transaction,Merchant-2,2026-02-09 16:13:51.387044+00:00,False,0,,manual,7.4489161025442,0,7.0,24.0,2283.96,1385.3621638033715,1,0,0,10,0.0,0,0
2025-02-01,TXN-00365,bob,1210.0,KES,Simulated refund transaction,Merchant-5,2026-02-09 16:13:51.520986+00:00,False,0,,manual,7.099201743553092,0,6.0,22.0,2283.96,1385.3621638033715,0,1,0,10,2.0,0,0
2025-02-02,TXN-00335,bob,3868.0,KES,Simulated sale transaction,Merchant-2,2026-02-09 16:13:51.383186+00:00,False,0,,manual,8.260751354700513,1,5.0,23.0,2283.96,1385.3621638033715,0,0,1,10,1.0,0,0
2025-02-06,TXN-00347,bob,3756.0,KES,Simulated sale transaction,Merchant-2,2026-02-09 16:13:51.433545+00:00,False,0,,manual,8.231376045573969,1,3.0,22.0,2283.96,1385.3621638033715,0,0,1,10,4.0,0,0
2025-02-06,TXN-00342,bob,4040.0,KES,Simulated sale transaction,Merchant-17,2026-02-09 16:13:51.411499+00:00,False,0,,manual,8.304247465078474,1,4.0,23.0,2283.96,1385.3621638033715,0,0,1,11,0.0,0,0
2025-02-06,TXN-00329,bob,3398.0,KES,Simulated expense transaction,Merchant-11,2026-02-09 16:13:51.356260+00:00,False,0,,manual,8.131236549696116,1,5.0,24.0,2283.96,1385.3621638033715,1,0,0,11,0.0,0,0
2025-02-07,TXN-00357,bob,932.0,KES,Simulated expense transaction,Merchant-11,2026-02-09 16:13:51.476903+00:00,False,0,,manual,6.838405200847344,0,6.0,24.0,2283.96,1385.3621638033715,1,0,0,11,1.0,0,0
2025-02-07,TXN-00330,bob,1075.0,KES,Simulated refund transaction,Merchant-14,2026-02-09 16:13:51.361343+00:00,False,0,,manual,6.98100574072173,0,7.0,25.0,2283.96,1385.3621638033715,0,1,0,11,0.0,0,0
2025-02-08,TXN-00343,bob,1429.0,KES,Simulated refund transaction,Merchant-15,2026-02-09 16:13:51.416272+00:00,False,0,,manual,7.265429723253953,0,7.0,25.0,2283.96,1385.3621638033715,0,1,0,11,1.0,0,0
2025-02-08,TXN-00327,bob,4055.0,KES,Simulated sale transaction,Merchant-1,2026-02-09 16:13:51.345934+00:00,False,0,,manual,8.30795254527102,1,8.0,26.0,2283.96,1385.3621638033715,0,0,1,10,0.0,0,0
2025-02-09,TXN-00356,bob,926.0,KES,Simulated expense transaction,Merchant-2,2026-02-09 16:13:51.472782+00:00,False,0,,manual,6.831953565565855,0,8.0,25.0,2283.96,1385.3621638033715,1,0,0,10,1.0,0,0
2025-02-12,TXN-00341,bob,2649.0,KES,Simulated refund transaction,Merchant-12,2026-02-09 16:13:51.406530+00:00,False,0,,manual,7.882314918980268,1,9.0,26.0,2283.96,1385.3621638033715,0,1,0,11,3.0,0,0
2025-02-13,TXN-00360,bob,3621.0,KES,Simulated sale transaction,Merchant-8,2026-02-09 16:13:51.498170+00:00,False,0,,manual,8.19478163844336,1,7.0,27.0,2283.96,1385.3621638033715,0,0,1,10,1.0,0,0
2025-02-14,TXN-00331,bob,4562.0,KES,Simulated refund transaction,Merchant-18,2026-02-09 16:13:51.365942+00:00,False,0,,manual,8.425735580927402,1,6.0,27.0,2283.96,1385.3621638033715,0,1,0,11,1.0,0,0
2025-02-16,TXN-00353,bob,821.0,KES,Simulated expense transaction,Merchant-1,2026-02-09 16:13:51.459456+00:00,False,0,,manual,6.71174039505618,0,4.0,27.0,2283.96,1385.3621638033715,1,0,0,10,2.0,0,0
2025-02-16,TXN-00334,bob,462.0,KES,Simulated sale transaction,Merchant-11,2026-02-09 16:13:51.379297+00:00,False,0,,manual,6.137727054086234,0,5.0,28.0,2283.96,1385.3621638033715,0,0,1,11,0.0,0,0
2025-02-18,TXN-00363,bob,2452.0,KES,Simulated refund transaction,Merchant-10,2026-02-09 16:13:51.511903+00:00,False,0,,manual,7.8050670442584895,1,6.0,27.0,2283.96,1385.3621638033715,0,1,0,11,2.0,0,0
2025-02-19,TXN-00339,bob,3864.0,KES,Simulated refund transaction,Merchant-12,2026-02-09 16:13:51.398521+00:00,False,0,,manual,8.259716961021523,1,6.0,28.0,2283.96,1385.3621638033715,0,1,0,11,1.0,0,0
2025-02-20,TXN-00323,bob,3178.0,KES,Simulated expense transaction,Merchant-3,2026-02-09 16:13:51.328079+00:00,False,0,,manual,8.064321960910803,1,6.0,28.0,2283.96,1385.3621638033715,1,0,0,10,1.0,0,0
2025-02-23,TXN-00368,bob,3138.0,KES,Simulated refund transaction,Merchant-8,2026-02-09 16:13:51.533737+00:00,False,0,,manual,8.051659556841953,1,4.0,24.0,2283.96,1385.3621638033715,0,1,0,10,3.0,0,0
2025-02-25,TXN-00322,bob,1586.0,KES,Simulated expense transaction,Merchant-7,2026-02-09 16:13:51.323829+00:00,False,0,,manual,7.369600720526409,0,4.0,23.0,2283.96,1385.3621638033715,1,0,0,10,2.0,0,0
2025-02-26,TXN-00361,bob,1241.0,KES,Simulated sale transaction,Merchant-15,2026-02-09 16:13:51.502810+00:00,False,0,,manual,7.124478262493424,0,4.0,23.0,2283.96,1385.3621638033715,0,0,1,11,1.0,0,0
2025-02-27,TXN-00359,bob,4889.0,KES,Simulated refund transaction,Merchant-18,2026-02-09 16:13:51.484233+00:00,False,0,,manual,8.494947582468917,1,4.0,24.0,2283.96,1385.3621638033715,0,1,0,11,1.0,0,0
2025-03-01,TXN-00364,bob,4330.0,KES,Simulated expense transaction,Merchant-1,2026-02-09 16:13:51.516482+00:00,False,0,,manual,8.373553741214627,1,5.0,23.0,2283.96,1385.3621638033715,1,0,0,10,2.0,0,0
2025-03-01,TXN-00362,bob,848.0,KES,Simulated expense transaction,Merchant-4,2026-02-09 16:13:51.507481+00:00,False,0,,manual,6.744059186311348,0,6.0,24.0,2283.96,1385.3621638033715,1,0,0,10,0.0,0,0
2025-03-02,TXN-00333,bob,2128.0,KES,Simulated expense transaction,Merchant-5,2026-02-09 16:13:51.374803+00:00,False,0,,manual,7.663407664893479,1,6.0,25.0,2283.96,1385.3621638033715,1,0,0,10,1.0,0,0
2025-03-02,TXN-00328,bob,2879.0,KES,Simulated sale transaction,Merchant-14,2026-02-09 16:13:51.350337+00:00,False,0,,manual,7.965545573129992,1,7.0,26.0,2283.96,1385.3621638033715,0,0,1,11,0.0,0,0
2025-01-01,TXN-00417,charlie,1708.0,KES,Simulated sale transaction,Merchant-10,2026-02-09 16:13:51.737117+00:00,False,0,,manual,7.443663683115591,0,1.0,1.0,3118.64,1372.032542007124,0,0,1,11,0.0,0,0
2025-01-04,TXN-00415,charlie,4522.0,KES,Simulated refund transaction,Merchant-10,2026-02-09 16:13:51.729057+00:00,False,0,,manual,8.416930769477844,1,2.0,2.0,3118.64,1372.032542007124,0,1,0,11,3.0,0,0
2025-01-05,TXN-00416,charlie,4180.0,KES,Simulated sale transaction,Merchant-17,2026-02-09 16:13:51.732928+00:00,False,0,,manual,8.338305731356565,1,3.0,3.0,3118.64,1372.032542007124,0,0,1,11,1.0,0,0
2025-01-05,TXN-00381,charlie,3875.0,KES,Simulated expense transaction,Merchant-16,2026-02-09 16:13:51.586817+00:00,False,0,,manual,8.262558973010657,1,4.0,4.0,3118.64,1372.032542007124,1,0,0,11,0.0,0,0
2025-01-06,TXN-00421,charlie,3912.0,KES,Simulated refund transaction,Merchant-19,2026-02-09 16:13:51.751161+00:00,False,0,,manual,8.272059622210412,1,5.0,5.0,3118.64,1372.032542007124,0,1,0,11,1.0,0,0
2025-01-06,TXN-00405,charlie,1125.0,KES,Simulated refund transaction,Merchant-1,2026-02-09 16:13:51.685439+00:00,False,0,,manual,7.026426808699636,0,6.0,6.0,3118.64,1372.032542007124,0,1,0,10,0.0,0,0
2025-01-06,TXN-00375,charlie,4561.0,KES,Simulated refund transaction,Merchant-11,2026-02-09 16:13:51.562472+00:00,False,0,,manual,8.425516402844334,1,7.0,7.0,3118.64,1372.032542007124,0,1,0,11,0.0,0,0
2025-01-10,TXN-00418,charlie,124.0,KES,Simulated refund transaction,Merchant-9,2026-02-09 16:13:51.741332+00:00,False,0,,manual,4.8283137373023015,0,7.0,8.0,3118.64,1372.032542007124,0,1,0,10,4.0,0,0
2025-01-11,TXN-00378,charlie,4811.0,KES,Simulated expense transaction,Merchant-7,2026-02-09 16:13:51.575113+00:00,False,0,,manual,8.47886807709457,1,7.0,9.0,3118.64,1372.032542007124,1,0,0,10,1.0,0,0
2025-01-12,TXN-00379,charlie,4444.0,KES,Simulated sale transaction,Merchant-10,2026-02-09 16:13:51.579171+00:00,False,0,,manual,8.399535147948004,1,6.0,10.0,3118.64,1372.032542007124,0,0,1,11,1.0,0,0
2025-01-13,TXN-00385,charlie,1830.0,KES,Simulated sale transaction,Merchant-14,2026-02-09 16:13:51.603534+00:00,False,0,,manual,7.5126175446745105,0,4.0,11.0,3118.64,1372.032542007124,0,0,1,11,1.0,0,0
2025-01-14,TXN-00376,charlie,4674.0,KES,Simulated sale transaction,Merchant-17,2026-02-09 16:13:51.567015+00:00,False,0,,manual,8.449984441722787,1,5.0,12.0,3118.64,1372.032542007124,0,0,1,11,1.0,0,0
2025-01-15,TXN-00390,charlie,4036.0,KES,Simulated sale transaction,Merchant-4,2026-02-09 16:13:51.623578+00:00,False,0,,manual,8.30325712085294,1,6.0,13.0,3118.64,1372.032542007124,0,0,1,10,1.0,0,0
2025-01-15,TXN-00380,charlie,4244.0,KES,Simulated sale transaction,Merchant-1,2026-02-09 16:13:51.582764+00:00,False,0,,manual,8.353497098745448,1,7.0,14.0,3118.64,1372.032542007124,0,0,1,10,0.0,0,0
2025-01-17,TXN-00383,charlie,4029.0,KES,Simulated expense transaction,Merchant-5,2026-02-09 16:13:51.595019+00:00,False,0,,manual,8.301521654940728,1,7.0,15.0,3118.64,1372.032542007124,1,0,0,10,2.0,0,0
2025-01-18,TXN-00406,charlie,118.0,KES,Simulated refund transaction,Merchant-18,2026-02-09 16:13:51.689189+00:00,False,0,,manual,4.77912349311153,0,7.0,16.0,3118.64,1372.032542007124,0,1,0,11,1.0,0,0
2025-01-18,TXN-00399,charlie,2162.0,KES,Simulated refund transaction,Merchant-16,2026-02-09 16:13:51.659748+00:00,False,0,,manual,7.679251425953058,1,8.0,17.0,3118.64,1372.032542007124,0,1,0,11,0.0,0,0
2025-01-21,TXN-00419,charlie,657.0,KES,Simulated expense transaction,Merchant-13,2026-02-09 16:13:51.744539+00:00,False,0,,manual,6.489204931325317,0,6.0,18.0,3118.64,1372.032542007124,1,0,0,11,3.0,0,0
2025-01-21,TXN-00408,charlie,4645.0,KES,Simulated expense transaction,Merchant-15,2026-02-09 16:13:51.697611+00:00,False,0,,manual,8.443761913330354,1,7.0,19.0,3118.64,1372.032542007124,1,0,0,11,0.0,0,0
2025-01-24,TXN-00397,charlie,4267.0,KES,Simulated expense transaction,Merchant-16,2026-02-09 16:13:51.651477+00:00,False,0,,manual,8.358900612421644,1,5.0,20.0,3118.64,1372.032542007124,1,0,0,11,3.0,0,0
2025-01-24,TXN-00374,charlie,624.0,KES,Simulated sale transaction,Merchant-16,2026-02-09 16:13:51.558758+00:00,False,0,,manual,6.437751649736401,0,6.0,21.0,3118.64,1372.032542007124,0,0,1,11,0.0,0,0
2025-01-28,TXN-00393,charlie,4157.0,KES,Simulated sale transaction,Merchant-11,2026-02-09 16:13:51.634913+00:00,False,0,,manual,8.332789468417959,1,3.0,22.0,3118.64,1372.032542007124,0,0,1,11,4.0,0,0
2025-01-28,TXN-00389,charlie,3918.0,KES,Simulated refund transaction,Merchant-8,2026-02-09 16:13:51.619846+00:00,False,0,,manual,8.273591798199632,1,4.0,23.0,3118.64,1372.032542007124,0,1,0,10,0.0,0,0
2025-01-29,TXN-00404,charlie,3537.0,KES,Simulated expense transaction,Merchant-6,2026-02-09 16:13:51.681341+00:00,False,0,,manual,8.17131687471973,1,5.0,24.0,3118.64,1372.032542007124,1,0,0,10,1.0,0,0
2025-01-29,TXN-00394,charlie,3326.0,KES,Simulated sale transaction,Merchant-17,2026-02-09 16:13:51.639325+00:00,False,0,,manual,8.109826276018477,1,6.0,25.0,3118.64,1372.032542007124,0,0,1,11,0.0,0,0
2025-02-02,TXN-00384,charlie,4683.0,KES,Simulated expense transaction,Merchant-8,2026-02-09 16:13:51.599560+00:00,False,0,,manual,8.451907724717607,1,5.0,25.0,3118.64,1372.032542007124,1,0,0,10,4.0,0,0
2025-02-02,TXN-00373,charlie,1408.0,KES,Simulated refund transaction,Merchant-12,2026-02-09 16:13:51.555089+00:00,False,0,,manual,7.25063551189868,0,6.0,26.0,3118.64,1372.032542007124,0,1,0,11,0.0,0,0
2025-02-03,TXN-00382,charlie,3909.0,KES,Simulated expense transaction,Merchant-12,2026-02-09 16:13:51.590921+00:00,False,0,,manual,8.271292652979412,1,7.0,26.0,3118.64,1372.032542007124,1,0,0,11,1.0,0,0
2025-02-04,TXN-00412,charlie,4224.0,KES,Simulated expense transaction,Merchant-2,2026-02-09 16:13:51.715818+00:00,False,0,,manual,8.348774539791274,1,6.0,25.0,3118.64,1372.032542007124,1,0,0,10,1.0,0,0
2025-02-06,TXN-00411,charlie,3552.0,KES,Simulated sale transaction,Merchant-11,2026-02-09 16:13:51.711814+00:00,False,0,,manual,8.175547596021026,1,5.0,23.0,3118.64,1372.032542007124,0,0,1,11,2.0,0,0
2025-02-08,TXN-00420,charlie,3201.0,KES,Simulated expense transaction,Merchant-13,2026-02-09 16:13:51.747724+00:00,False,0,,manual,8.07153089355666,1,6.0,24.0,3118.64,1372.032542007124,1,0,0,11,2.0,0,0
2025-02-09,TXN-00414,charlie,3277.0,KES,Simulated refund transaction,Merchant-2,2026-02-09 16:13:51.724751+00:00,False,0,,manual,8.094988759303774,1,5.0,24.0,3118.64,1372.032542007124,0,1,0,10,1.0,0,0
2025-02-11,TXN-00396,charlie,2001.0,KES,Simulated expense transaction,Merchant-14,2026-02-09 16:13:51.647717+00:00,False,0,,manual,7.601901959875166,1,4.0,23.0,3118.64,1372.032542007124,1,0,0,11,2.0,0,0
2025-02-11,TXN-00395,charlie,2640.0,KES,Simulated refund transaction,Merchant-2,2026-02-09 16:13:51.643581+00:00,False,0,,manual,7.878912912297133,1,5.0,24.0,3118.64,1372.032542007124,0,1,0,10,0.0,0,0
2025-02-11,TXN-00392,charlie,3118.0,KES,Simulated refund transaction,Merchant-13,2026-02-09 16:13:51.631408+00:00,False,0,,manual,8.045267716607803,1,6.0,25.0,3118.64,1372.032542007124,0,1,0,11,0.0,0,0
2025-02-12,TXN-00386,charlie,1356.0,KES,Simulated refund transaction,Merchant-8,2026-02-09 16:13:51.607692+00:00,False,0,,manual,7.213031659834869,0,7.0,25.0,3118.64,1372.032542007124,0,1,0,10,1.0,0,0
2025-02-15,TXN-00413,charlie,3547.0,KES,Simulated expense transaction,Merchant-1,2026-02-09 16:13:51.720436+00:00,False,0,,manual,8.17413934342947,1,6.0,23.0,3118.64,1372.032542007124,1,0,0,10,3.0,0,0
2025-02-18,TXN-00377,charlie,1304.0,KES,Simulated expense transaction,Merchant-14,2026-02-09 16:13:51.571158+00:00,False,0,,manual,7.173958319756794,0,3.0,21.0,3118.64,1372.032542007124,1,0,0,11,3.0,0,0
2025-02-19,TXN-00400,charlie,3947.0,KES,Simulated sale transaction,Merchant-3,2026-02-09 16:13:51.663811+00:00,False,0,,manual,8.280964400553373,1,3.0,22.0,3118.64,1372.032542007124,0,0,1,10,1.0,0,0
2025-02-19,TXN-00391,charlie,3791.0,KES,Simulated refund transaction,Merchant-10,2026-02-09 16:13:51.627648+00:00,False,0,,manual,8.240648863374913,1,4.0,23.0,3118.64,1372.032542007124,0,1,0,11,0.0,0,0
2025-02-21,TXN-00410,charlie,1832.0,KES,Simulated expense transaction,Merchant-8,2026-02-09 16:13:51.707744+00:00,False,0,,manual,7.513709247839705,0,5.0,22.0,3118.64,1372.032542007124,1,0,0,10,2.0,0,0
2025-02-22,TXN-00398,charlie,2123.0,KES,Simulated refund transaction,Merchant-17,2026-02-09 16:13:51.655624+00:00,False,0,,manual,7.66105638236183,1,5.0,23.0,3118.64,1372.032542007124,0,1,0,11,1.0,0,0
2025-02-23,TXN-00407,charlie,4780.0,KES,Simulated expense transaction,Merchant-14,2026-02-09 16:13:51.693283+00:00,False,0,,manual,8.472405008626103,1,6.0,22.0,3118.64,1372.032542007124,1,0,0,11,1.0,0,0
2025-02-24,TXN-00403,charlie,2796.0,KES,Simulated refund transaction,Merchant-4,2026-02-09 16:13:51.676873+00:00,False,0,,manual,7.936302693201959,1,7.0,23.0,3118.64,1372.032542007124,0,1,0,10,1.0,0,0
2025-02-24,TXN-00388,charlie,4997.0,KES,Simulated expense transaction,Merchant-9,2026-02-09 16:13:51.615971+00:00,False,0,,manual,8.516793111394898,1,8.0,24.0,3118.64,1372.032542007124,1,0,0,10,0.0,0,0
2025-02-24,TXN-00372,charlie,2651.0,KES,Simulated sale transaction,Merchant-14,2026-02-09 16:13:51.550129+00:00,False,0,,manual,7.883069351305753,1,9.0,25.0,3118.64,1372.032542007124,0,0,1,11,0.0,0,0
2025-02-27,TXN-00402,charlie,2995.0,KES,Simulated expense transaction,Merchant-15,2026-02-09 16:13:51.672687+00:00,False,0,,manual,8.005033344637111,1,7.0,24.0,3118.64,1372.032542007124,1,0,0,11,3.0,0,0
2025-02-27,TXN-00387,charlie,2003.0,KES,Simulated expense transaction,Merchant-3,2026-02-09 16:13:51.612150+00:00,False,0,,manual,7.602900462204755,1,8.0,25.0,3118.64,1372.032542007124,1,0,0,10,0.0,0,0
2025-03-01,TXN-00401,charlie,4630.0,KES,Simulated refund transaction,Merchant-12,2026-02-09 16:13:51.667901+00:00,False,0,,manual,8.440528106480752,1,7.0,24.0,3118.64,1372.032542007124,0,1,0,11,2.0,0,0
2025-03-02,TXN-00409,charlie,1681.0,KES,Simulated refund transaction,Merchant-17,2026-02-09 16:13:51.703380+00:00,False,0,,manual,7.427738840532894,0,7.0,25.0,3118.64,1372.032542007124,0,1,0,11,1.0,0,0
2025-01-01,TXN-00267,employee1,1713.0,KES,Simulated sale transaction,Merchant-17,2026-02-09 16:13:51.109447+00:00,False,0,,manual,7.446585099157725,0,1.0,1.0,2553.94,1312.3736310010727,0,0,1,11,0.0,0,0
2025-01-01,TXN-00255,employee1,2078.0,KES,Simulated sale transaction,Merchant-20,2026-02-09 16:13:51.067505+00:00,False,0,,manual,7.639642287858013,1,2.0,2.0,2553.94,1312.3736310010727,0,0,1,11,0.0,0,0
2025-01-01,TXN-00247,employee1,2652.0,KES,Simulated expense transaction,Merchant-16,2026-02-09 16:13:51.038949+00:00,False,0,,manual,7.88344635413774,1,3.0,3.0,2553.94,1312.3736310010727,1,0,0,11,0.0,0,0
2025-01-02,TXN-00244,employee1,1407.0,KES,Simulated expense transaction,Merchant-7,2026-02-09 16:13:51.027334+00:00,False,0,,manual,7.249925536717988,0,4.0,4.0,2553.94,1312.3736310010727,1,0,0,10,1.0,0,0
2025-01-03,TXN-00266,employee1,4801.0,KES,Simulated sale transaction,Merchant-6,2026-02-09 16:13:51.106047+00:00,False,0,,manual,8.4767877767812,1,5.0,5.0,2553.94,1312.3736310010727,0,0,1,10,1.0,0,0
2025-01-04,TXN-00257,employee1,2459.0,KES,Simulated expense transaction,Merchant-15,2026-02-09 16:13:51.074702+00:00,False,0,,manual,7.807916628926408,1,6.0,6.0,2553.94,1312.3736310010727,1,0,0,11,1.0,0,0
2025-01-07,TXN-00251,employee1,1743.0,KES,Simulated refund transaction,Merchant-11,2026-02-09 16:13:51.052675+00:00,False,0,,manual,7.463936604468925,0,7.0,7.0,2553.94,1312.3736310010727,0,1,0,11,3.0,0,0
2025-01-07,TXN-00245,employee1,3557.0,KES,Simulated expense transaction,Merchant-20,2026-02-09 16:13:51.031100+00:00,False,0,,manual,8.17695386822578,1,8.0,8.0,2553.94,1312.3736310010727,1,0,0,11,0.0,0,0
2025-01-07,TXN-00241,employee1,2931.0,KES,Simulated sale transaction,Merchant-20,2026-02-09 16:13:51.015748+00:00,False,0,,manual,7.983440063006542,1,9.0,9.0,2553.94,1312.3736310010727,0,0,1,11,0.0,0,0
2025-01-07,TXN-00225,employee1,1576.0,KES,Simulated expense transaction,Merchant-13,2026-02-09 16:13:50.956066+00:00,False,0,,manual,7.3632795869630385,0,10.0,10.0,2553.94,1312.3736310010727,1,0,0,11,0.0,0,0
2025-01-10,TXN-00260,employee1,2279.0,KES,Simulated sale transaction,Merchant-14,2026-02-09 16:13:51.086587+00:00,False,0,,manual,7.731930721948486,1,6.0,11.0,2553.94,1312.3736310010727,0,0,1,11,3.0,0,0
2025-01-12,TXN-00263,employee1,4165.0,KES,Simulated refund transaction,Merchant-9,2026-02-09 16:13:51.096464+00:00,False,0,,manual,8.334711621820917,1,6.0,12.0,2553.94,1312.3736310010727,0,1,0,10,2.0,0,0
2025-01-12,TXN-00228,employee1,3006.0,KES,Simulated expense transaction,Merchant-17,2026-02-09 16:13:50.967978+00:00,False,0,,manual,8.008698182988528,1,7.0,13.0,2553.94,1312.3736310010727,1,0,0,11,0.0,0,0
2025-01-12,TXN-00226,employee1,2112.0,KES,Simulated refund transaction,Merchant-12,2026-02-09 16:13:50.959676+00:00,False,0,,manual,7.655864017616056,1,8.0,14.0,2553.94,1312.3736310010727,0,1,0,11,0.0,0,0
2025-01-13,TXN-00224,employee1,3880.0,KES,Simulated refund transaction,Merchant-8,2026-02-09 16:13:50.951987+00:00,False,0,,manual,8.263848131368906,1,9.0,15.0,2553.94,1312.3736310010727,0,1,0,10,1.0,0,0
2025-01-15,TXN-00271,employee1,1087.0,KES,Simulated expense transaction,Merchant-13,2026-02-09 16:13:51.122519+00:00,False,0,,manual,6.992096427415888,0,6.0,16.0,2553.94,1312.3736310010727,1,0,0,11,2.0,0,0
2025-01-15,TXN-00254,employee1,3025.0,KES,Simulated expense transaction,Merchant-15,2026-02-09 16:13:51.063849+00:00,False,0,,manual,8.014996894348302,1,7.0,17.0,2553.94,1312.3736310010727,1,0,0,11,0.0,0,0
2025-01-15,TXN-00238,employee1,3873.0,KES,Simulated refund transaction,Merchant-16,2026-02-09 16:13:51.003904+00:00,False,0,,manual,8.262042843966942,1,8.0,18.0,2553.94,1312.3736310010727,0,1,0,11,0.0,0,0
2025-01-17,TXN-00270,employee1,2715.0,KES,Simulated sale transaction,Merchant-13,2026-02-09 16:13:51.119205+00:00,False,0,,manual,7.906915488678587,1,8.0,19.0,2553.94,1312.3736310010727,0,0,1,11,2.0,0,0
2025-01-20,TXN-00252,employee1,2002.0,KES,Simulated expense transaction,Merchant-11,2026-02-09 16:13:51.056000+00:00,False,0,,manual,7.602401335665818,1,5.0,20.0,2553.94,1312.3736310010727,1,0,0,11,3.0,0,0
2025-01-21,TXN-00242,employee1,4797.0,KES,Simulated refund transaction,Merchant-11,2026-02-09 16:13:51.020097+00:00,False,0,,manual,8.47595444339964,1,6.0,21.0,2553.94,1312.3736310010727,0,1,0,11,1.0,0,0
2025-01-26,TXN-00233,employee1,2814.0,KES,Simulated refund transaction,Merchant-9,2026-02-09 16:13:50.987291+00:00,False,0,,manual,7.942717540573791,1,3.0,22.0,2553.94,1312.3736310010727,0,1,0,10,5.0,0,0
2025-01-28,TXN-00230,employee1,3966.0,KES,Simulated sale transaction,Merchant-13,2026-02-09 16:13:50.976100+00:00,False,0,,manual,8.28576542051433,1,2.0,23.0,2553.94,1312.3736310010727,0,0,1,11,2.0,0,0
2025-01-30,TXN-00249,employee1,3588.0,KES,Simulated sale transaction,Merchant-11,2026-02-09 16:13:51.045754+00:00,False,0,,manual,8.185628891147607,1,3.0,24.0,2553.94,1312.3736310010727,0,0,1,11,2.0,0,0
2025-01-30,TXN-00243,employee1,717.0,KES,Simulated expense transaction,Merchant-8,2026-02-09 16:13:51.023880+00:00,False,0,,manual,6.576469569048224,0,4.0,25.0,2553.94,1312.3736310010727,1,0,0,10,0.0,0,0
2025-01-31,TXN-00253,employee1,1159.0,KES,Simulated refund transaction,Merchant-5,2026-02-09 16:13:51.059834+00:00,False,0,,manual,7.05617528410041,0,5.0,23.0,2553.94,1312.3736310010727,0,1,0,10,1.0,0,0
2025-01-31,TXN-00227,employee1,1296.0,KES,Simulated sale transaction,Merchant-5,2026-02-09 16:13:50.963695+00:00,False,0,,manual,7.167809184316444,0,6.0,24.0,2553.94,1312.3736310010727,0,0,1,10,0.0,0,0
2025-02-01,TXN-00264,employee1,291.0,KES,Simulated refund transaction,Merchant-20,2026-02-09 16:13:51.099496+00:00,False,0,,manual,5.676753802268282,0,7.0,24.0,2553.94,1312.3736310010727,0,1,0,11,1.0,0,0
2025-02-01,TXN-00258,employee1,4727.0,KES,Simulated expense transaction,Merchant-12,2026-02-09 16:13:51.078639+00:00,False,0,,manual,8.461257559085935,1,8.0,25.0,2553.94,1312.3736310010727,1,0,0,11,0.0,0,0
2025-02-01,TXN-00250,employee1,1585.0,KES,Simulated refund transaction,Merchant-2,2026-02-09 16:13:51.049195+00:00,False,0,,manual,7.368970402194793,0,9.0,26.0,2553.94,1312.3736310010727,0,1,0,10,0.0,0,0
2025-02-02,TXN-00246,employee1,3911.0,KES,Simulated refund transaction,Merchant-19,2026-02-09 16:13:51.035033+00:00,False,0,,manual,8.271804031154709,1,9.0,26.0,2553.94,1312.3736310010727,0,1,0,11,1.0,0,0
2025-02-02,TXN-00234,employee1,2175.0,KES,Simulated expense transaction,Merchant-9,2026-02-09 16:13:50.990628+00:00,False,0,,manual,7.685243607975833,1,10.0,27.0,2553.94,1312.3736310010727,1,0,0,10,0.0,0,0
2025-02-03,TXN-00232,employee1,4758.0,KES,Simulated expense transaction,Merchant-1,2026-02-09 16:13:50.983751+00:00,False,0,,manual,8.46779284112111,1,11.0,27.0,2553.94,1312.3736310010727,1,0,0,10,1.0,0,0
2025-02-04,TXN-00268,employee1,385.0,KES,Simulated sale transaction,Merchant-5,2026-02-09 16:13:51.112705+00:00,False,0,,manual,5.955837369464831,0,11.0,28.0,2553.94,1312.3736310010727,0,0,1,10,1.0,0,0
2025-02-04,TXN-00265,employee1,2700.0,KES,Simulated refund transaction,Merchant-3,2026-02-09 16:13:51.102760+00:00,False,0,,manual,7.901377353792616,1,12.0,29.0,2553.94,1312.3736310010727,0,1,0,10,0.0,0,0
2025-02-04,TXN-00259,employee1,2553.0,KES,Simulated sale transaction,Merchant-10,2026-02-09 16:13:51.082689+00:00,False,0,,manual,7.845416036592485,1,13.0,30.0,2553.94,1312.3736310010727,0,0,1,11,0.0,0,0
2025-02-04,TXN-00235,employee1,3860.0,KES,Simulated sale transaction,Merchant-2,2026-02-09 16:13:50.993749+00:00,False,0,,manual,8.258681496264236,1,14.0,31.0,2553.94,1312.3736310010727,0,0,1,10,0.0,0,0
2025-02-05,TXN-00261,employee1,396.0,KES,Simulated sale transaction,Merchant-8,2026-02-09 16:13:51.089855+00:00,False,0,,manual,5.983936280687191,0,15.0,32.0,2553.94,1312.3736310010727,0,0,1,10,1.0,0,0
2025-02-06,TXN-00240,employee1,1158.0,KES,Simulated sale transaction,Merchant-12,2026-02-09 16:13:51.011723+00:00,False,0,,manual,7.055312843339752,0,14.0,29.0,2553.94,1312.3736310010727,0,0,1,11,1.0,0,0
2025-02-06,TXN-00239,employee1,2983.0,KES,Simulated expense transaction,Merchant-1,2026-02-09 16:13:51.007843+00:00,False,0,,manual,8.001019961323651,1,15.0,30.0,2553.94,1312.3736310010727,1,0,0,10,0.0,0,0
2025-02-08,TXN-00256,employee1,989.0,KES,Simulated sale transaction,Merchant-11,2026-02-09 16:13:51.071232+00:00,False,0,,manual,6.897704943128636,0,11.0,31.0,2553.94,1312.3736310010727,0,0,1,11,2.0,0,0
2025-02-09,TXN-00236,employee1,3344.0,KES,Simulated sale transaction,Merchant-7,2026-02-09 16:13:50.996926+00:00,False,0,,manual,8.11522197256233,1,10.0,31.0,2553.94,1312.3736310010727,0,0,1,10,1.0,0,0
2025-02-09,TXN-00231,employee1,1061.0,KES,Simulated sale transaction,Merchant-15,2026-02-09 16:13:50.980099+00:00,False,0,,manual,6.967909201801884,0,11.0,32.0,2553.94,1312.3736310010727,0,0,1,11,0.0,0,0
2025-02-10,TXN-00269,employee1,581.0,KES,Simulated expense transaction,Merchant-10,2026-02-09 16:13:51.115935+00:00,False,0,,manual,6.366470447731438,0,11.0,33.0,2553.94,1312.3736310010727,1,0,0,11,1.0,0,0
2025-02-16,TXN-00229,employee1,3797.0,KES,Simulated refund transaction,Merchant-17,2026-02-09 16:13:50.971973+00:00,False,0,,manual,8.242229891372231,1,2.0,26.0,2553.94,1312.3736310010727,0,1,0,11,6.0,0,0
2025-02-17,TXN-00223,employee1,3690.0,KES,Simulated sale transaction,Merchant-15,2026-02-09 16:13:50.948036+00:00,False,0,,manual,8.213652703029998,1,2.0,27.0,2553.94,1312.3736310010727,0,0,1,11,1.0,0,0
2025-02-17,TXN-00222,employee1,2753.0,KES,Simulated expense transaction,Merchant-1,2026-02-09 16:13:50.944013+00:00,False,0,,manual,7.9208096792886,1,3.0,28.0,2553.94,1312.3736310010727,1,0,0,10,0.0,0,0
2025-02-18,TXN-00262,employee1,2270.0,KES,Simulated expense transaction,Merchant-4,2026-02-09 16:13:51.093284+00:00,False,0,,manual,7.7279755421055585,1,4.0,29.0,2553.94,1312.3736310010727,1,0,0,10,1.0,0,0
2025-02-20,TXN-00237,employee1,1401.0,KES,Simulated expense transaction,Merchant-14,2026-02-09 16:13:51.000375+00:00,False,0,,manual,7.2456550675945355,0,5.0,28.0,2553.94,1312.3736310010727,1,0,0,11,2.0,0,0
2025-02-25,TXN-00248,employee1,4931.0,KES,Simulated refund transaction,Merchant-4,2026-02-09 16:13:51.042456+00:00,False,0,,manual,8.503499864284235,1,2.0,28.0,2553.94,1312.3736310010727,0,1,0,10,5.0,0,0
2025-01-01,TXN-00146,employee2,254.0,KES,Simulated expense transaction,Merchant-8,2026-02-09 16:13:50.655141+00:00,False,0,,manual,5.541263545158426,0,1.0,1.0,2341.52,1528.5531139089724,1,0,0,10,0.0,0,0
2025-01-03,TXN-00160,employee2,2479.0,KES,Simulated expense transaction,Merchant-13,2026-02-09 16:13:50.697448+00:00,False,0,,manual,7.8160138391590275,1,2.0,2.0,2341.52,1528.5531139089724,1,0,0,11,2.0,0,0
2025-01-04,TXN-00134,employee2,3859.0,KES,Simulated sale transaction,Merchant-5,2026-02-09 16:13:50.608238+00:00,False,0,,manual,8.258422462458876,1,3.0,3.0,2341.52,1528.5531139089724,0,0,1,10,1.0,0,0
2025-01-05,TXN-00126,employee2,4326.0,KES,Simulated expense transaction,Merchant-2,2026-02-09 16:13:50.575908+00:00,False,0,,manual,8.372629740224884,1,4.0,4.0,2341.52,1528.5531139089724,1,0,0,10,1.0,0,0
2025-01-06,TXN-00156,employee2,3585.0,KES,Simulated refund transaction,Merchant-16,2026-02-09 16:13:50.685324+00:00,False,0,,manual,8.184792654165078,1,5.0,5.0,2341.52,1528.5531139089724,0,1,0,11,1.0,0,0
2025-01-06,TXN-00139,employee2,4783.0,KES,Simulated sale transaction,Merchant-6,2026-02-09 16:13:50.628258+00:00,False,0,,manual,8.473032295630468,1,6.0,6.0,2341.52,1528.5531139089724,0,0,1,10,0.0,0,0
2025-01-08,TXN-00153,employee2,4056.0,KES,Simulated sale transaction,Merchant-7,2026-02-09 16:13:50.676418+00:00,False,0,,manual,8.308199063206446,1,6.0,7.0,2341.52,1528.5531139089724,0,0,1,10,2.0,0,0
2025-01-08,TXN-00138,employee2,1543.0,KES,Simulated refund transaction,Merchant-18,2026-02-09 16:13:50.624471+00:00,False,0,,manual,7.342131730584722,0,7.0,8.0,2341.52,1528.5531139089724,0,1,0,11,0.0,0,0
2025-01-10,TXN-00157,employee2,2538.0,KES,Simulated sale transaction,Merchant-7,2026-02-09 16:13:50.688500+00:00,False,0,,manual,7.839525581704678,1,7.0,9.0,2341.52,1528.5531139089724,0,0,1,10,2.0,0,0
2025-01-12,TXN-00159,employee2,1379.0,KES,Simulated sale transaction,Merchant-2,2026-02-09 16:13:50.694464+00:00,False,0,,manual,7.22983877815125,0,6.0,10.0,2341.52,1528.5531139089724,0,0,1,10,2.0,0,0
2025-01-12,TXN-00158,employee2,3976.0,KES,Simulated sale transaction,Merchant-17,2026-02-09 16:13:50.691498+00:00,False,0,,manual,8.28828304520769,1,7.0,11.0,2341.52,1528.5531139089724,0,0,1,11,0.0,0,0
2025-01-12,TXN-00155,employee2,506.0,KES,Simulated sale transaction,Merchant-15,2026-02-09 16:13:50.682237+00:00,False,0,,manual,6.2285110035911835,0,8.0,12.0,2341.52,1528.5531139089724,0,0,1,11,0.0,0,0
2025-01-12,TXN-00145,employee2,3174.0,KES,Simulated refund transaction,Merchant-17,2026-02-09 16:13:50.651363+00:00,False,0,,manual,8.063062911326792,1,9.0,13.0,2341.52,1528.5531139089724,0,1,0,11,0.0,0,0
2025-01-14,TXN-00161,employee2,4273.0,KES,Simulated sale transaction,Merchant-5,2026-02-09 16:13:50.700842+00:00,False,0,,manual,8.360305435879093,1,8.0,14.0,2341.52,1528.5531139089724,0,0,1,10,2.0,0,0
2025-01-15,TXN-00144,employee2,3449.0,KES,Simulated sale transaction,Merchant-6,2026-02-09 16:13:50.647838+00:00,False,0,,manual,8.146129510025405,1,7.0,15.0,2341.52,1528.5531139089724,0,0,1,10,1.0,0,0
2025-01-15,TXN-00130,employee2,154.0,KES,Simulated refund transaction,Merchant-13,2026-02-09 16:13:50.592409+00:00,False,0,,manual,5.043425116919247,0,8.0,16.0,2341.52,1528.5531139089724,0,1,0,11,0.0,0,0
2025-01-16,TXN-00154,employee2,1085.0,KES,Simulated expense transaction,Merchant-13,2026-02-09 16:13:50.679321+00:00,False,0,,manual,6.990256500493881,0,9.0,17.0,2341.52,1528.5531139089724,1,0,0,11,1.0,0,0
2025-01-17,TXN-00136,employee2,3482.0,KES,Simulated expense transaction,Merchant-4,2026-02-09 16:13:50.615756+00:00,False,0,,manual,8.155649270366002,1,9.0,18.0,2341.52,1528.5531139089724,1,0,0,10,1.0,0,0
2025-01-19,TXN-00149,employee2,3551.0,KES,Simulated sale transaction,Merchant-15,2026-02-09 16:13:50.664452+00:00,False,0,,manual,8.17526610411206,1,6.0,19.0,2341.52,1528.5531139089724,0,0,1,11,2.0,0,0
2025-01-21,TXN-00170,employee2,4463.0,KES,Simulated refund transaction,Merchant-20,2026-02-09 16:13:50.726633+00:00,False,0,,manual,8.403800504061147,1,6.0,20.0,2341.52,1528.5531139089724,0,1,0,11,2.0,0,0
2025-01-24,TXN-00169,employee2,3183.0,KES,Simulated expense transaction,Merchant-2,2026-02-09 16:13:50.724439+00:00,False,0,,manual,8.065893546964274,1,3.0,21.0,2341.52,1528.5531139089724,1,0,0,10,3.0,0,0
2025-01-24,TXN-00164,employee2,1793.0,KES,Simulated refund transaction,Merchant-16,2026-02-09 16:13:50.709988+00:00,False,0,,manual,7.492203042618741,0,4.0,22.0,2341.52,1528.5531139089724,0,1,0,11,0.0,0,0
2025-01-25,TXN-00143,employee2,306.0,KES,Simulated refund transaction,Merchant-4,2026-02-09 16:13:50.644043+00:00,False,0,,manual,5.726847747587197,0,5.0,23.0,2341.52,1528.5531139089724,0,1,0,10,1.0,0,0
2025-01-27,TXN-00122,employee2,793.0,KES,Simulated expense transaction,Merchant-8,2026-02-09 16:13:50.560354+00:00,False,0,,manual,6.677083461247136,0,5.0,24.0,2341.52,1528.5531139089724,1,0,0,10,2.0,0,0
2025-01-29,TXN-00166,employee2,4004.0,KES,Simulated refund transaction,Merchant-8,2026-02-09 16:13:50.717462+00:00,False,0,,manual,8.29529885950246,1,5.0,25.0,2341.52,1528.5531139089724,0,1,0,10,2.0,0,0
2025-01-29,TXN-00142,employee2,4167.0,KES,Simulated sale transaction,Merchant-7,2026-02-09 16:13:50.640230+00:00,False,0,,manual,8.335191583433202,1,6.0,26.0,2341.52,1528.5531139089724,0,0,1,10,0.0,0,0
2025-01-29,TXN-00132,employee2,4516.0,KES,Simulated refund transaction,Merchant-20,2026-02-09 16:13:50.600341+00:00,False,0,,manual,8.415603335654604,1,7.0,27.0,2341.52,1528.5531139089724,0,1,0,11,0.0,0,0
2025-01-31,TXN-00150,employee2,1121.0,KES,Simulated refund transaction,Merchant-1,2026-02-09 16:13:50.667272+00:00,False,0,,manual,7.022868086082641,0,6.0,27.0,2341.52,1528.5531139089724,0,1,0,10,2.0,0,0
2025-01-31,TXN-00137,employee2,2697.0,KES,Simulated expense transaction,Merchant-14,2026-02-09 16:13:50.620004+00:00,False,0,,manual,7.900266036767701,1,7.0,28.0,2341.52,1528.5531139089724,1,0,0,11,0.0,0,0
2025-01-31,TXN-00127,employee2,1472.0,KES,Simulated expense transaction,Merchant-18,2026-02-09 16:13:50.580160+00:00,False,0,,manual,7.29505641646263,0,8.0,29.0,2341.52,1528.5531139089724,1,0,0,11,0.0,0,0
2025-02-04,TXN-00123,employee2,589.0,KES,Simulated expense transaction,Merchant-11,2026-02-09 16:13:50.564247+00:00,False,0,,manual,6.380122536899765,0,7.0,27.0,2341.52,1528.5531139089724,1,0,0,11,4.0,0,0
2025-02-08,TXN-00152,employee2,112.0,KES,Simulated refund transaction,Merchant-10,2026-02-09 16:13:50.673677+00:00,False,0,,manual,4.727387818712341,0,2.0,24.0,2341.52,1528.5531139089724,0,1,0,11,4.0,0,0
2025-02-08,TXN-00147,employee2,896.0,KES,Simulated refund transaction,Merchant-14,2026-02-09 16:13:50.658804+00:00,False,0,,manual,6.799055862058796,0,3.0,25.0,2341.52,1528.5531139089724,0,1,0,11,0.0,0,0
2025-02-08,TXN-00131,employee2,3797.0,KES,Simulated sale transaction,Merchant-2,2026-02-09 16:13:50.596269+00:00,False,0,,manual,8.242229891372231,1,4.0,26.0,2341.52,1528.5531139089724,0,0,1,10,0.0,0,0
2025-02-09,TXN-00135,employee2,1209.0,KES,Simulated sale transaction,Merchant-8,2026-02-09 16:13:50.612031+00:00,False,0,,manual,7.098375638590786,0,5.0,26.0,2341.52,1528.5531139089724,0,0,1,10,1.0,0,0
2025-02-12,TXN-00171,employee2,1555.0,KES,Simulated expense transaction,Merchant-1,2026-02-09 16:13:50.728966+00:00,False,0,,manual,7.349873704738337,0,5.0,23.0,2341.52,1528.5531139089724,1,0,0,10,3.0,0,0
2025-02-12,TXN-00162,employee2,725.0,KES,Simulated sale transaction,Merchant-8,2026-02-09 16:13:50.703811+00:00,False,0,,manual,6.587550014824796,0,6.0,24.0,2341.52,1528.5531139089724,0,0,1,10,0.0,0,0
2025-02-17,TXN-00163,employee2,1022.0,KES,Simulated sale transaction,Merchant-15,2026-02-09 16:13:50.706895+00:00,False,0,,manual,6.930494765951626,0,3.0,20.0,2341.52,1528.5531139089724,0,0,1,11,5.0,0,0
2025-02-18,TXN-00125,employee2,809.0,KES,Simulated sale transaction,Merchant-14,2026-02-09 16:13:50.572029+00:00,False,0,,manual,6.697034247666484,0,4.0,20.0,2341.52,1528.5531139089724,0,0,1,11,1.0,0,0
2025-02-19,TXN-00140,employee2,1172.0,KES,Simulated sale transaction,Merchant-1,2026-02-09 16:13:50.631967+00:00,False,0,,manual,7.067319848653476,0,3.0,21.0,2341.52,1528.5531139089724,0,0,1,10,1.0,0,0
2025-02-20,TXN-00165,employee2,2833.0,KES,Simulated sale transaction,Merchant-12,2026-02-09 16:13:50.712865+00:00,False,0,,manual,7.949444420250626,1,4.0,21.0,2341.52,1528.5531139089724,0,0,1,11,1.0,0,0
2025-02-22,TXN-00148,employee2,4757.0,KES,Simulated sale transaction,Merchant-13,2026-02-09 16:13:50.661685+00:00,False,0,,manual,8.467582690862903,1,5.0,22.0,2341.52,1528.5531139089724,0,0,1,11,2.0,0,0
2025-02-23,TXN-00167,employee2,192.0,KES,Simulated refund transaction,Merchant-3,2026-02-09 16:13:50.720128+00:00,False,0,,manual,5.262690188904886,0,6.0,21.0,2341.52,1528.5531139089724,0,1,0,10,1.0,0,0
2025-02-25,TXN-00141,employee2,3934.0,KES,Simulated refund transaction,Merchant-17,2026-02-09 16:13:50.635900+00:00,False,0,,manual,8.277666160851503,1,5.0,21.0,2341.52,1528.5531139089724,0,1,0,11,2.0,0,0
2025-02-25,TXN-00129,employee2,2275.0,KES,Simulated refund transaction,Merchant-10,2026-02-09 16:13:50.587975+00:00,False,0,,manual,7.730174795246222,1,6.0,22.0,2341.52,1528.5531139089724,0,1,0,11,0.0,0,0
2025-02-25,TXN-00128,employee2,306.0,KES,Simulated refund transaction,Merchant-5,2026-02-09 16:13:50.584008+00:00,False,0,,manual,5.726847747587197,0,7.0,23.0,2341.52,1528.5531139089724,0,1,0,10,0.0,0,0
2025-02-27,TXN-00151,employee2,3383.0,KES,Simulated refund transaction,Merchant-17,2026-02-09 16:13:50.670783+00:00,False,0,,manual,8.126813720726114,1,6.0,23.0,2341.52,1528.5531139089724,0,1,0,11,2.0,0,0
2025-02-27,TXN-00124,employee2,382.0,KES,Simulated refund transaction,Merchant-9,2026-02-09 16:13:50.568162+00:00,False,0,,manual,5.948034989180646,0,7.0,24.0,2341.52,1528.5531139089724,0,1,0,10,0.0,0,0
2025-02-28,TXN-00133,employee2,3341.0,KES,Simulated refund transaction,Merchant-20,2026-02-09 16:13:50.604163+00:00,False,0,,manual,8.114324709155339,1,8.0,22.0,2341.52,1528.5531139089724,0,1,0,11,1.0,0,0
2025-03-02,TXN-00168,employee2,2820.0,KES,Simulated expense transaction,Merchant-20,2026-02-09 16:13:50.722247+00:00,False,0,,manual,7.944846711001996,1,7.0,20.0,2341.52,1528.5531139089724,1,0,0,11,2.0,0,0
2025-01-01,TXN-00219,employee3,2987.0,KES,Simulated expense transaction,Merchant-15,2026-02-09 16:13:50.932095+00:00,False,0,,manual,8.002359546252707,1,1.0,1.0,2565.22,1425.3254306527006,1,0,0,11,0.0,0,0
2025-01-01,TXN-00183,employee3,138.0,KES,Simulated expense transaction,Merchant-15,2026-02-09 16:13:50.770772+00:00,False,0,,manual,4.9344739331306915,0,2.0,2.0,2565.22,1425.3254306527006,1,0,0,11,0.0,0,0
2025-01-02,TXN-00211,employee3,4636.0,KES,Simulated refund transaction,Merchant-12,2026-02-09 16:13:50.880461+00:00,False,0,,manual,8.441822884391462,1,3.0,3.0,2565.22,1425.3254306527006,0,1,0,11,1.0,0,0
2025-01-08,TXN-00215,employee3,2836.0,KES,Simulated sale transaction,Merchant-2,2026-02-09 16:13:50.914796+00:00,False,0,,manual,7.950502434808851,1,2.0,4.0,2565.22,1425.3254306527006,0,0,1,10,6.0,0,0
2025-01-10,TXN-00188,employee3,176.0,KES,Simulated sale transaction,Merchant-9,2026-02-09 16:13:50.787386+00:00,False,0,,manual,5.176149732573829,0,2.0,5.0,2565.22,1425.3254306527006,0,0,1,10,2.0,0,0
2025-01-10,TXN-00186,employee3,4144.0,KES,Simulated sale transaction,Merchant-12,2026-02-09 16:13:50.780835+00:00,False,0,,manual,8.329658067569396,1,3.0,6.0,2565.22,1425.3254306527006,0,0,1,11,0.0,0,0
2025-01-12,TXN-00193,employee3,1917.0,KES,Simulated refund transaction,Merchant-17,2026-02-09 16:13:50.804932+00:00,False,0,,manual,7.559038255443384,0,4.0,7.0,2565.22,1425.3254306527006,0,1,0,11,2.0,0,0
2025-01-15,TXN-00191,employee3,2154.0,KES,Simulated refund transaction,Merchant-14,2026-02-09 16:13:50.797643+00:00,False,0,,manual,7.675546002537848,1,4.0,8.0,2565.22,1425.3254306527006,0,1,0,11,3.0,0,0
2025-01-15,TXN-00181,employee3,3195.0,KES,Simulated expense transaction,Merchant-12,2026-02-09 16:13:50.763708+00:00,False,0,,manual,8.069655306886165,1,5.0,9.0,2565.22,1425.3254306527006,1,0,0,11,0.0,0,0
2025-01-19,TXN-00204,employee3,1743.0,KES,Simulated sale transaction,Merchant-19,2026-02-09 16:13:50.851137+00:00,False,0,,manual,7.463936604468925,0,3.0,10.0,2565.22,1425.3254306527006,0,0,1,11,4.0,0,0
2025-01-20,TXN-00217,employee3,4937.0,KES,Simulated sale transaction,Merchant-16,2026-02-09 16:13:50.923310+00:00,False,0,,manual,8.504715669905124,1,4.0,11.0,2565.22,1425.3254306527006,0,0,1,11,1.0,0,0
2025-01-20,TXN-00206,employee3,667.0,KES,Simulated sale transaction,Merchant-4,2026-02-09 16:13:50.859418+00:00,False,0,,manual,6.504288173536645,0,5.0,12.0,2565.22,1425.3254306527006,0,0,1,10,0.0,0,0
2025-01-20,TXN-00196,employee3,547.0,KES,Simulated sale transaction,Merchant-20,2026-02-09 16:13:50.818506+00:00,False,0,,manual,6.306275286948016,0,6.0,13.0,2565.22,1425.3254306527006,0,0,1,11,0.0,0,0
2025-01-21,TXN-00182,employee3,2973.0,KES,Simulated sale transaction,Merchant-6,2026-02-09 16:13:50.767008+00:00,False,0,,manual,7.9976631270201,1,7.0,14.0,2565.22,1425.3254306527006,0,0,1,10,1.0,0,0
2025-01-24,TXN-00216,employee3,2798.0,KES,Simulated refund transaction,Merchant-12,2026-02-09 16:13:50.919162+00:00,False,0,,manual,7.937017489515454,1,6.0,15.0,2565.22,1425.3254306527006,0,1,0,11,3.0,0,0
2025-01-27,TXN-00220,employee3,4118.0,KES,Simulated refund transaction,Merchant-17,2026-02-09 16:13:50.936409+00:00,False,0,,manual,8.323365694436081,1,3.0,16.0,2565.22,1425.3254306527006,0,1,0,11,3.0,0,0
2025-01-28,TXN-00185,employee3,1661.0,KES,Simulated expense transaction,Merchant-10,2026-02-09 16:13:50.777014+00:00,False,0,,manual,7.415776975415394,0,3.0,17.0,2565.22,1425.3254306527006,1,0,0,11,1.0,0,0
2025-01-30,TXN-00202,employee3,4858.0,KES,Simulated refund transaction,Merchant-12,2026-02-09 16:13:50.841874+00:00,False,0,,manual,8.488587934405903,1,4.0,18.0,2565.22,1425.3254306527006,0,1,0,11,2.0,0,0
2025-01-30,TXN-00197,employee3,4237.0,KES,Simulated refund transaction,Merchant-12,2026-02-09 16:13:50.822647+00:00,False,0,,manual,8.351846738828245,1,5.0,19.0,2565.22,1425.3254306527006,0,1,0,11,0.0,0,0
2025-01-30,TXN-00176,employee3,3039.0,KES,Simulated sale transaction,Merchant-14,2026-02-09 16:13:50.746808+00:00,False,0,,manual,8.019612794400267,1,6.0,20.0,2565.22,1425.3254306527006,0,0,1,11,0.0,0,0
2025-01-31,TXN-00178,employee3,3731.0,KES,Simulated sale transaction,Merchant-2,2026-02-09 16:13:50.753527+00:00,False,0,,manual,8.224699561967235,1,6.0,19.0,2565.22,1425.3254306527006,0,0,1,10,1.0,0,0
2025-02-01,TXN-00203,employee3,4998.0,KES,Simulated sale transaction,Merchant-10,2026-02-09 16:13:50.846563+00:00,False,0,,manual,8.51699317141357,1,7.0,19.0,2565.22,1425.3254306527006,0,0,1,11,1.0,0,0
2025-02-01,TXN-00200,employee3,1382.0,KES,Simulated sale transaction,Merchant-3,2026-02-09 16:13:50.833058+00:00,False,0,,manual,7.232010331664759,0,8.0,20.0,2565.22,1425.3254306527006,0,0,1,10,0.0,0,0
2025-02-02,TXN-00210,employee3,486.0,KES,Simulated refund transaction,Merchant-5,2026-02-09 16:13:50.876541+00:00,False,0,,manual,6.18826412308259,0,9.0,21.0,2565.22,1425.3254306527006,0,1,0,10,1.0,0,0
2025-02-02,TXN-00190,employee3,4183.0,KES,Simulated expense transaction,Merchant-14,2026-02-09 16:13:50.794228+00:00,False,0,,manual,8.339023005744759,1,10.0,22.0,2565.22,1425.3254306527006,1,0,0,11,0.0,0,0
2025-02-02,TXN-00184,employee3,2291.0,KES,Simulated refund transaction,Merchant-19,2026-02-09 16:13:50.773905+00:00,False,0,,manual,7.73718007783463,1,11.0,23.0,2565.22,1425.3254306527006,0,1,0,11,0.0,0,0
2025-02-04,TXN-00214,employee3,2279.0,KES,Simulated expense transaction,Merchant-14,2026-02-09 16:13:50.910642+00:00,False,0,,manual,7.731930721948486,1,10.0,24.0,2565.22,1425.3254306527006,1,0,0,11,2.0,0,0
2025-02-04,TXN-00174,employee3,1091.0,KES,Simulated sale transaction,Merchant-20,2026-02-09 16:13:50.740022+00:00,False,0,,manual,6.9957661563048505,0,11.0,25.0,2565.22,1425.3254306527006,0,0,1,11,0.0,0,0
2025-02-05,TXN-00218,employee3,1492.0,KES,Simulated sale transaction,Merchant-14,2026-02-09 16:13:50.927788+00:00,False,0,,manual,7.30854279753919,0,12.0,26.0,2565.22,1425.3254306527006,0,0,1,11,1.0,0,0
2025-02-05,TXN-00175,employee3,1055.0,KES,Simulated expense transaction,Merchant-7,2026-02-09 16:13:50.743603+00:00,False,0,,manual,6.962243464266207,0,13.0,27.0,2565.22,1425.3254306527006,1,0,0,10,0.0,0,0
2025-02-07,TXN-00209,employee3,3054.0,KES,Simulated sale transaction,Merchant-13,2026-02-09 16:13:50.872221+00:00,False,0,,manual,8.024534871605695,1,10.0,27.0,2565.22,1425.3254306527006,0,0,1,11,2.0,0,0
2025-02-07,TXN-00195,employee3,2224.0,KES,Simulated sale transaction,Merchant-17,2026-02-09 16:13:50.814166+00:00,False,0,,manual,7.707512194600341,1,11.0,28.0,2565.22,1425.3254306527006,0,0,1,11,0.0,0,0
2025-02-11,TXN-00198,employee3,3395.0,KES,Simulated sale transaction,Merchant-10,2026-02-09 16:13:50.826362+00:00,False,0,,manual,8.130353547431238,1,5.0,26.0,2565.22,1425.3254306527006,0,0,1,11,4.0,0,0
2025-02-12,TXN-00179,employee3,1960.0,KES,Simulated sale transaction,Merchant-8,2026-02-09 16:13:50.756860+00:00,False,0,,manual,7.581209826196346,0,4.0,27.0,2565.22,1425.3254306527006,0,0,1,10,1.0,0,0
2025-02-14,TXN-00205,employee3,2809.0,KES,Simulated expense transaction,Merchant-17,2026-02-09 16:13:50.855529+00:00,False,0,,manual,7.940939762327791,1,3.0,26.0,2565.22,1425.3254306527006,1,0,0,11,2.0,0,0
2025-02-14,TXN-00194,employee3,3401.0,KES,Simulated refund transaction,Merchant-8,2026-02-09 16:13:50.808488+00:00,False,0,,manual,8.132118772955806,1,4.0,27.0,2565.22,1425.3254306527006,0,1,0,10,0.0,0,0
2025-02-16,TXN-00221,employee3,3422.0,KES,Simulated expense transaction,Merchant-1,2026-02-09 16:13:50.940729+00:00,False,0,,manual,8.138272638530186,1,5.0,28.0,2565.22,1425.3254306527006,1,0,0,10,2.0,0,0
2025-02-21,TXN-00207,employee3,1906.0,KES,Simulated refund transaction,Merchant-11,2026-02-09 16:13:50.863265+00:00,False,0,,manual,7.553286605600419,0,2.0,24.0,2565.22,1425.3254306527006,0,1,0,11,5.0,0,0
2025-02-21,TXN-00201,employee3,269.0,KES,Simulated refund transaction,Merchant-4,2026-02-09 16:13:50.837144+00:00,False,0,,manual,5.598421958998375,0,3.0,25.0,2565.22,1425.3254306527006,0,1,0,10,0.0,0,0
2025-02-23,TXN-00212,employee3,2325.0,KES,Simulated sale transaction,Merchant-12,2026-02-09 16:13:50.884079+00:00,False,0,,manual,7.75190533307861,1,3.0,25.0,2565.22,1425.3254306527006,0,0,1,11,2.0,0,0
2025-02-23,TXN-00187,employee3,3628.0,KES,Simulated refund transaction,Merchant-20,2026-02-09 16:13:50.784040+00:00,False,0,,manual,8.19671240721307,1,4.0,26.0,2565.22,1425.3254306527006,0,1,0,11,0.0,0,0
2025-02-24,TXN-00173,employee3,1395.0,KES,Simulated expense transaction,Merchant-7,2026-02-09 16:13:50.735817+00:00,False,0,,manual,7.241366283322318,0,5.0,27.0,2565.22,1425.3254306527006,1,0,0,10,1.0,0,0
2025-02-25,TXN-00189,employee3,317.0,KES,Simulated sale transaction,Merchant-19,2026-02-09 16:13:50.790606+00:00,False,0,,manual,5.762051382780177,0,6.0,28.0,2565.22,1425.3254306527006,0,0,1,11,1.0,0,0
2025-02-26,TXN-00172,employee3,4992.0,KES,Simulated refund transaction,Merchant-10,2026-02-09 16:13:50.732303+00:00,False,0,,manual,8.51579221050061,1,7.0,28.0,2565.22,1425.3254306527006,0,1,0,11,1.0,0,0
2025-02-27,TXN-00199,employee3,4830.0,KES,Simulated sale transaction,Merchant-5,2026-02-09 16:13:50.829714+00:00,False,0,,manual,8.482808764554406,1,8.0,28.0,2565.22,1425.3254306527006,0,0,1,10,1.0,0,0
2025-02-27,TXN-00192,employee3,2633.0,KES,Simulated sale transaction,Merchant-18,2026-02-09 16:13:50.801318+00:00,False,0,,manual,7.876258882303226,1,9.0,29.0,2565.22,1425.3254306527006,0,0,1,11,0.0,0,0
2025-02-28,TXN-00208,employee3,1132.0,KES,Simulated expense transaction,Merchant-11,2026-02-09 16:13:50.867761+00:00,False,0,,manual,7.0326242610280065,0,8.0,30.0,2565.22,1425.3254306527006,1,0,0,11,1.0,0,0
2025-03-01,TXN-00177,employee3,4077.0,KES,Simulated refund transaction,Merchant-4,2026-02-09 16:13:50.750152+00:00,False,0,,manual,8.3133619511344,1,9.0,28.0,2565.22,1425.3254306527006,0,1,0,10,1.0,0,0
2025-03-02,TXN-00213,employee3,1485.0,KES,Simulated expense transaction,Merchant-2,2026-02-09 16:13:50.888504+00:00,False,0,,manual,7.303843225277705,0,8.0,28.0,2565.22,1425.3254306527006,1,0,0,10,1.0,0,0
2025-03-02,TXN-00180,employee3,2258.0,KES,Simulated expense transaction,Merchant-9,2026-02-09 16:13:50.760265+00:00,False,0,,manual,7.7226775164680035,1,9.0,29.0,2565.22,1425.3254306527006,1,0,0,10,0.0,0,0
